Date,Children apprehended and placed in CBP custody*,Children in CBP custody,Children transferred out of CBP custody,Children in HHS Care,Children discharged from HHS Care,Total_System_Load,Net_Intake_Pressure,Care_Load_Growth_Rate,Backlog_Accumulation,Discharge_Offset_Ratio,Load_7_Day_Avg,Load_14_Day_Avg
2023-01-12,33.0,53.0,34.0,6566,436.0,6619.0,-402.0,,-402.0,12.457142857142857,,
2023-01-22,32.0,49.0,39.0,7122,227.0,7171.0,-188.0,8.339628342649942,-590.0,5.675,,
2023-01-23,32.0,50.0,39.0,7280,181.0,7330.0,-142.0,2.2172639799191263,-732.0,4.525,,
2023-01-24,47.0,42.0,47.0,7433,175.0,7475.0,-128.0,1.9781718963165051,-860.0,3.6458333333333335,,
2023-01-25,20.0,22.0,41.0,7538,180.0,7560.0,-139.0,1.1371237458194017,-999.0,4.285714285714286,,
2023-01-29,23.0,45.0,11.0,7472,303.0,7517.0,-292.0,-0.5687830687830742,-1291.0,25.25,,
2023-01-30,34.0,54.0,29.0,7743,196.0,7797.0,-167.0,3.7248902487694524,-1458.0,6.533333333333333,7352.714285714285,
2023-01-31,26.0,36.0,36.0,7803,158.0,7839.0,-122.0,0.538668718737978,-1580.0,4.27027027027027,7527.0,
2023-02-01,25.0,32.0,27.0,7903,231.0,7935.0,-204.0,1.2246460007653948,-1784.0,8.25,7636.142857142857,
2023-02-02,15.0,13.0,23.0,7879,298.0,7892.0,-275.0,-0.5419029615627013,-2059.0,12.416666666666666,7716.428571428572,
2023-02-05,16.0,18.0,15.0,7586,342.0,7604.0,-327.0,-3.6492650785605707,-2386.0,21.375,7734.857142857143,
2023-02-06,11.0,22.0,12.0,7720,196.0,7742.0,-184.0,1.8148342977380327,-2570.0,15.076923076923077,7760.857142857143,
2023-02-07,16.0,20.0,20.0,7855,200.0,7875.0,-180.0,1.7179023508137492,-2750.0,9.523809523809524,7812.0,
2023-02-08,93.0,196.0,169.0,7915,317.0,8111.0,-148.0,2.9968253968253977,-2898.0,1.8647058823529412,7856.857142857143,7604.785714285715
2023-02-09,124.0,234.0,161.0,7908,353.0,8142.0,-192.0,0.3821970163974786,-3090.0,2.1790123456790123,7900.142857142857,7713.571428571428
2023-02-12,92.0,203.0,173.0,7434,317.0,7637.0,-144.0,-6.202407270940801,-3234.0,1.8218390804597702,7857.571428571428,7746.857142857143
2023-02-13,186.0,259.0,172.0,7483,244.0,7742.0,-72.0,1.3748854262144894,-3306.0,1.4104046242774566,7836.142857142857,7776.285714285715
2023-02-14,154.0,225.0,220.0,7794,223.0,8019.0,-3.0,3.577886850942913,-3309.0,1.009049773755656,7895.428571428572,7815.142857142857
2023-02-15,91.0,199.0,172.0,7869,290.0,8068.0,-118.0,0.6110487591969083,-3427.0,1.676300578034682,7942.0,7851.428571428572
2023-02-16,81.0,213.0,153.0,7793,361.0,8006.0,-208.0,-0.7684680218145723,-3635.0,2.344155844155844,7960.714285714285,7886.357142857143
2023-02-20,209.0,285.0,184.0,7817,209.0,8102.0,-25.0,1.1991006744941357,-3660.0,1.1297297297297297,7959.428571428572,7908.142857142857
2023-02-21,184.0,314.0,217.0,7967,213.0,8281.0,4.0,2.209331029375461,-3656.0,0.9770642201834863,7979.285714285715,7939.714285714285
2023-02-22,107.0,215.0,230.0,7978,232.0,8193.0,-2.0,-1.0626735901461126,-3658.0,1.0043290043290043,8058.714285714285,7958.142857142857
2023-02-23,101.0,162.0,178.0,7914,386.0,8076.0,-208.0,-1.42804833394361,-3866.0,2.1564245810055866,8106.428571428572,7971.285714285715
2023-02-26,99.0,190.0,176.0,7609,323.0,7799.0,-147.0,-3.42991579990094,-4013.0,1.8248587570621468,8075.0,7985.214285714285
2023-02-27,167.0,239.0,166.0,7800,248.0,8039.0,-82.0,3.077317604821128,-4095.0,1.4850299401197604,8070.857142857143,8006.428571428572
2023-02-28,115.0,216.0,169.0,7896,200.0,8112.0,-31.0,0.9080731434258027,-4126.0,1.1764705882352942,8086.0,8023.357142857143
2023-03-01,84.0,158.0,193.0,7930,307.0,8088.0,-114.0,-0.295857988165682,-4240.0,1.5824742268041236,8084.0,8021.714285714285
2023-03-02,130.0,227.0,192.0,7870,335.0,8097.0,-143.0,0.1112759643916883,-4383.0,1.7357512953367875,8057.714285714285,8018.5
2023-03-07,88.0,214.0,160.0,7859,259.0,8073.0,-99.0,-0.2964060763245624,-4482.0,1.608695652173913,8040.571428571428,8049.642857142857
2023-03-08,113.0,208.0,159.0,7885,291.0,8093.0,-132.0,0.24773937817414993,-4614.0,1.81875,8043.0,8074.714285714285
2023-03-09,174.0,285.0,150.0,7786,340.0,8071.0,-190.0,-0.27183986160880247,-4804.0,2.251655629139073,8081.857142857143,8078.428571428572
2023-03-13,104.0,230.0,206.0,7567,249.0,7797.0,-43.0,-3.3948705240986254,-4847.0,1.2028985507246377,8047.285714285715,8059.071428571428
2023-03-14,147.0,276.0,214.0,7810,181.0,8086.0,33.0,3.70655380274465,-4814.0,0.8418604651162791,8043.571428571428,8064.785714285715
2023-03-15,108.0,220.0,213.0,7915,286.0,8135.0,-73.0,0.6059856542171671,-4887.0,1.3364485981308412,8050.285714285715,8067.142857142857
2023-03-16,180.0,280.0,146.0,7989,308.0,8269.0,-162.0,1.647203441917644,-5049.0,2.0952380952380953,8074.857142857143,8066.285714285715
2023-03-19,134.0,294.0,186.0,7885,306.0,8179.0,-120.0,-1.0884024670455905,-5169.0,1.6363636363636365,8090.0,8065.285714285715
2023-03-20,202.0,313.0,158.0,7931,279.0,8244.0,-121.0,0.7947181807066883,-5290.0,1.7547169811320755,8111.571428571428,8077.285714285715
2023-03-21,110.0,272.0,193.0,8050,221.0,8322.0,-28.0,0.9461426491994107,-5318.0,1.1391752577319587,8147.428571428572,8114.642857142857
2023-03-22,166.0,277.0,229.0,8097,246.0,8374.0,-17.0,0.6248497957221932,-5335.0,1.0695652173913044,8229.857142857143,8138.571428571428
2023-03-23,136.0,276.0,178.0,8102,331.0,8378.0,-153.0,0.04776689754000252,-5488.0,1.8491620111731844,8271.57142857143,8157.571428571428
2023-03-26,87.0,246.0,173.0,7847,352.0,8093.0,-179.0,-3.4017665313917367,-5667.0,2.0229885057471266,8265.57142857143,8157.928571428572
2023-03-27,84.0,171.0,157.0,7994,235.0,8165.0,-78.0,0.8896577289015273,-5745.0,1.4873417721518987,8250.714285714286,8162.785714285715
2023-03-28,167.0,209.0,157.0,8079,223.0,8288.0,-66.0,1.5064298836497292,-5811.0,1.4113924050632911,8266.285714285714,8178.142857142857
2023-03-29,109.0,245.0,159.0,8208,267.0,8453.0,-108.0,1.9908301158301223,-5919.0,1.66875,8296.142857142857,8203.857142857143
2023-03-30,156.0,256.0,176.0,8158,359.0,8414.0,-183.0,-0.4613746598840618,-6102.0,2.0282485875706215,8309.285714285714,8228.357142857143
2023-04-02,125.0,232.0,192.0,7981,304.0,8213.0,-112.0,-2.388875683384839,-6214.0,1.5751295336787565,8286.285714285714,8258.07142857143
2023-04-03,118.0,139.0,168.0,8054,284.0,8193.0,-116.0,-0.24351637647631597,-6330.0,1.680473372781065,8259.857142857143,8265.714285714286
2023-04-04,142.0,235.0,139.0,8068,259.0,8303.0,-120.0,1.3426095447333086,-6450.0,1.85,8289.857142857143,8277.714285714286
2023-04-05,148.0,245.0,175.0,8175,260.0,8420.0,-85.0,1.4091292303986425,-6535.0,1.4772727272727273,8326.285714285714,8288.5
2023-04-06,119.0,219.0,210.0,8178,284.0,8397.0,-74.0,-0.2731591448931092,-6609.0,1.3459715639810426,8341.857142857143,8304.07142857143
2023-04-09,105.0,210.0,149.0,7900,329.0,8110.0,-180.0,-3.4178873407169186,-6789.0,2.1933333333333334,8292.857142857143,8294.5
2023-04-10,143.0,203.0,163.0,7826,265.0,8029.0,-102.0,-0.998766954377317,-6891.0,1.6158536585365855,8237.857142857143,8273.57142857143
2023-04-11,119.0,209.0,152.0,7922,187.0,8131.0,-35.0,1.2703948187819059,-6926.0,1.2222222222222223,8226.142857142857,8256.214285714286
2023-04-12,155.0,212.0,181.0,7876,283.0,8088.0,-102.0,-0.5288402410527637,-7028.0,1.554945054945055,8211.142857142857,8235.5
2023-04-13,109.0,214.0,173.0,7795,370.0,8009.0,-197.0,-0.97675568743818,-7225.0,2.1264367816091956,8169.142857142857,8229.5
2023-04-16,191.0,283.0,192.0,7380,272.0,7663.0,-80.0,-4.320139842676984,-7305.0,1.4093264248704662,8061.0,8193.642857142857
2023-04-17,170.0,297.0,196.0,7344,248.0,7641.0,-52.0,-0.2870938274827095,-7357.0,1.2588832487309645,7953.0,8147.428571428572
2023-04-18,152.0,272.0,214.0,7376,234.0,7648.0,-20.0,0.0916110456746555,-7377.0,1.0883720930232559,7887.0,8089.928571428572
2023-04-19,239.0,367.0,224.0,7356,229.0,7723.0,-5.0,0.9806485355648542,-7382.0,1.0177777777777777,7843.285714285715,8040.571428571428
2023-04-20,113.0,280.0,237.0,7490,320.0,7770.0,-83.0,0.6085717985238936,-7465.0,1.3445378151260505,7791.714285714285,8008.928571428572
2023-04-23,196.0,306.0,187.0,7534,266.0,7840.0,-79.0,0.9009009009008917,-7544.0,1.4148936170212767,7756.285714285715,7983.714285714285
2023-04-24,236.0,330.0,222.0,7796,213.0,8126.0,9.0,3.647959183673466,-7535.0,0.9551569506726457,7773.0,7971.071428571428
2023-04-25,81.0,230.0,242.0,8017,202.0,8247.0,40.0,1.4890475018459304,-7495.0,0.831275720164609,7856.428571428572,7958.714285714285
2023-04-26,118.0,245.0,160.0,8117,256.0,8362.0,-96.0,1.3944464653813604,-7591.0,1.5900621118012421,7959.428571428572,7956.214285714285
2023-04-27,218.0,283.0,208.0,8159,310.0,8442.0,-102.0,0.9567089213107005,-7693.0,1.4832535885167464,8072.857142857143,7979.928571428572
2023-04-30,132.0,243.0,183.0,8352,293.0,8595.0,-110.0,1.8123667377398789,-7803.0,1.5923913043478262,8197.42857142857,8020.357142857143
2023-05-01,224.0,315.0,152.0,8492,237.0,8807.0,-85.0,2.4665503199534644,-7888.0,1.5490196078431373,8345.57142857143,8068.642857142857
2023-05-02,167.0,326.0,213.0,8654,245.0,8980.0,-32.0,1.964346542522999,-7920.0,1.144859813084112,8508.42857142857,8132.357142857143
2023-05-03,209.0,353.0,232.0,8704,267.0,9057.0,-35.0,0.8574610244988845,-7955.0,1.145922746781116,8641.42857142857,8207.214285714286
2023-05-04,153.0,253.0,286.0,8790,332.0,9043.0,-46.0,-0.15457657060836683,-8001.0,1.156794425087108,8755.142857142857,8305.785714285714
2023-05-07,180.0,337.0,219.0,8485,375.0,8822.0,-156.0,-2.4438792436138446,-8157.0,1.7045454545454546,8820.857142857143,8390.142857142857
2023-05-08,133.0,287.0,189.0,8590,261.0,8877.0,-72.0,0.6234413965087171,-8229.0,1.3736842105263158,8883.0,8477.92857142857
2023-05-09,187.0,310.0,247.0,8606,250.0,8916.0,-3.0,0.4393376140588101,-8232.0,1.0080645161290323,8928.857142857143,8563.142857142857
2023-05-10,168.0,285.0,210.0,8681,304.0,8966.0,-94.0,0.56078959174517,-8326.0,1.4407582938388626,8951.57142857143,8648.57142857143
2023-05-11,269.0,412.0,204.0,8672,392.0,9084.0,-188.0,1.3160829801472262,-8514.0,1.9121951219512194,8966.42857142857,8737.42857142857
2023-05-14,100.0,255.0,236.0,8445,288.0,8700.0,-52.0,-4.227212681638049,-8566.0,1.2151898734177216,8915.42857142857,8778.42857142857
2023-05-15,205.0,294.0,177.0,8571,277.0,8865.0,-100.0,1.8965517241379404,-8666.0,1.5561797752808988,8890.0,8822.57142857143
2023-05-16,161.0,304.0,211.0,8572,272.0,8876.0,-61.0,0.12408347433727762,-8727.0,1.2830188679245282,8897.714285714286,8859.285714285714
2023-05-17,57.0,162.0,193.0,8569,307.0,8731.0,-114.0,-1.6336187471834185,-8841.0,1.5824742268041236,8876.857142857143,8879.92857142857
2023-05-18,80.0,122.0,152.0,8474,351.0,8596.0,-199.0,-1.5462146374985664,-9040.0,2.2941176470588234,8831.142857142857,8880.0
2023-05-21,107.0,170.0,133.0,7826,343.0,7996.0,-210.0,-6.979990693345739,-9250.0,2.5597014925373136,8692.57142857143,8822.07142857143
2023-05-22,99.0,156.0,139.0,7848,240.0,8004.0,-101.0,0.10005002501249916,-9351.0,1.7142857142857142,8538.285714285714,8752.357142857143
2023-05-23,25.0,66.0,94.0,7788,246.0,7854.0,-152.0,-1.874062968515744,-9503.0,2.5894736842105264,8417.42857142857,8666.42857142857
2023-05-24,35.0,70.0,53.0,7709,276.0,7779.0,-223.0,-0.9549274255156615,-9726.0,5.111111111111111,8262.285714285714,8576.142857142857
2023-05-25,43.0,73.0,64.0,7546,408.0,7619.0,-344.0,-2.056819642627583,-10070.0,6.276923076923077,8082.714285714285,8490.214285714286
2023-05-29,41.0,60.0,71.0,6996,207.0,7056.0,-136.0,-7.389421183882394,-10206.0,2.875,7843.428571428572,8360.142857142857
2023-05-30,65.0,83.0,65.0,7046,168.0,7129.0,-103.0,1.0345804988662222,-10309.0,2.5454545454545454,7633.857142857143,8232.5
2023-05-31,38.0,80.0,82.0,7053,210.0,7133.0,-128.0,0.05610885117126596,-10437.0,2.5301204819277108,7510.571428571428,8101.571428571428
2023-06-01,56.0,82.0,68.0,7002,287.0,7084.0,-219.0,-0.6869479882237517,-10656.0,4.159420289855072,7379.142857142857,7958.714285714285
2023-06-04,74.0,103.0,80.0,6555,292.0,6658.0,-212.0,-6.013551665725581,-10868.0,3.6049382716049383,7208.285714285715,7812.857142857143
2023-06-05,68.0,107.0,102.0,6523,189.0,6630.0,-87.0,-0.4205467107239458,-10955.0,1.8349514563106797,7044.142857142857,7653.214285714285
2023-06-06,92.0,124.0,93.0,6508,187.0,6632.0,-94.0,0.030165912518853588,-11049.0,1.9893617021276595,6903.142857142857,7492.928571428572
2023-06-07,113.0,162.0,107.0,6483,208.0,6645.0,-101.0,0.19601930036188264,-11150.0,1.9259259259259258,6844.428571428572,7343.928571428572
2023-06-08,106.0,196.0,131.0,6446,255.0,6642.0,-124.0,-0.04514672686229959,-11274.0,1.9318181818181819,6774.857142857143,7204.357142857143
2023-06-11,86.0,152.0,168.0,6007,238.0,6159.0,-70.0,-7.271906052393861,-11344.0,1.4082840236686391,6635.714285714285,7073.142857142857
2023-06-12,84.0,118.0,136.0,6021,177.0,6139.0,-41.0,-0.32472804026627555,-11385.0,1.2919708029197081,6500.714285714285,6939.928571428572
2023-06-13,59.0,64.0,117.0,6061,146.0,6125.0,-29.0,-0.22805017103763037,-11414.0,1.2372881355932204,6424.571428571428,6816.428571428572
2023-06-14,62.0,97.0,52.0,6065,167.0,6162.0,-115.0,0.604081632653064,-11529.0,3.150943396226415,6357.714285714285,6700.928571428572
2023-06-15,91.0,75.0,97.0,6038,272.0,6113.0,-175.0,-0.7951963648166194,-11704.0,2.7755102040816326,6283.571428571428,6593.357142857143
2023-06-19,29.0,51.0,11.0,5679,142.0,5730.0,-131.0,-6.265336168820546,-11835.0,11.833333333333334,6152.857142857143,6498.642857142857
2023-06-20,33.0,53.0,34.0,5904,134.0,5957.0,-100.0,3.961605584642225,-11935.0,3.8285714285714287,6055.0,6414.928571428572
2023-06-21,93.0,196.0,169.0,5922,149.0,6118.0,20.0,2.7027027027026973,-11915.0,0.8764705882352941,6049.142857142857,6342.428571428572
2023-06-22,124.0,234.0,161.0,5956,207.0,6190.0,-46.0,1.1768551814318462,-11961.0,1.2777777777777777,6056.428571428572,6278.571428571428
2023-06-25,92.0,203.0,173.0,5766,263.0,5969.0,-90.0,-3.5702746365104954,-12051.0,1.5114942528735633,6034.142857142857,6229.357142857143
2023-06-26,186.0,259.0,172.0,5819,174.0,6078.0,-2.0,1.8261015245434775,-12053.0,1.0057803468208093,6022.142857142857,6189.928571428572
2023-06-27,154.0,225.0,220.0,5917,155.0,6142.0,65.0,1.0529779532741035,-11988.0,0.7013574660633484,6026.285714285715,6154.928571428572
2023-06-28,91.0,199.0,172.0,5999,174.0,6198.0,-2.0,0.9117551286226044,-11990.0,1.0057803468208093,6093.142857142857,6123.0
2023-06-29,81.0,213.0,153.0,6058,213.0,6271.0,-60.0,1.177799290093584,-12050.0,1.3831168831168832,6138.0,6096.5
2023-07-02,209.0,285.0,184.0,5903,309.0,6188.0,-125.0,-1.3235528623823933,-12175.0,1.6702702702702703,6148.0,6098.571428571428
2023-07-04,184.0,314.0,217.0,6127,124.0,6441.0,93.0,4.088558500323214,-12082.0,0.5688073394495413,6183.857142857143,6120.142857142857
2023-07-05,107.0,215.0,230.0,6193,167.0,6408.0,63.0,-0.5123428039124356,-12019.0,0.7229437229437229,6246.571428571428,6140.357142857143
2023-07-06,101.0,162.0,178.0,6239,205.0,6401.0,-27.0,-0.10923845193507864,-12046.0,1.1452513966480447,6292.714285714285,6157.428571428572
2023-07-09,99.0,190.0,176.0,6214,196.0,6404.0,-20.0,0.04686767692547722,-12066.0,1.1073446327683616,6330.142857142857,6178.214285714285
2023-07-10,167.0,239.0,166.0,6346,163.0,6585.0,3.0,2.826358525921302,-12063.0,0.9760479041916168,6385.428571428572,6239.285714285715
2023-07-11,115.0,216.0,169.0,6498,143.0,6714.0,26.0,1.9589977220956678,-12037.0,0.8411764705882353,6448.714285714285,6293.357142857143
2023-07-12,84.0,158.0,193.0,6521,210.0,6679.0,-17.0,-0.5212987786714307,-12054.0,1.0824742268041236,6518.857142857143,6333.428571428572
2023-07-13,130.0,227.0,192.0,6604,226.0,6831.0,-34.0,2.2757897888905587,-12088.0,1.1709844559585492,6574.571428571428,6379.214285714285
2023-07-16,88.0,214.0,160.0,6468,218.0,6682.0,-58.0,-2.1812326160152273,-12146.0,1.3540372670807452,6613.714285714285,6430.142857142857
2023-07-17,113.0,208.0,159.0,6632,160.0,6840.0,-1.0,2.3645615085303717,-12147.0,1.0,6676.428571428572,6484.571428571428
2023-07-18,174.0,285.0,150.0,6874,181.0,7159.0,-31.0,4.66374269005847,-12178.0,1.1986754966887416,6784.285714285715,6557.214285714285
2023-07-19,104.0,230.0,206.0,7001,226.0,7231.0,-20.0,1.005727056851513,-12198.0,1.0917874396135265,6876.571428571428,6631.0
2023-07-20,147.0,276.0,214.0,7116,281.0,7392.0,-67.0,2.2265246853823806,-12265.0,1.3069767441860465,6973.428571428572,6711.071428571428
2023-07-23,108.0,220.0,213.0,7052,276.0,7272.0,-63.0,-1.6233766233766267,-12328.0,1.2897196261682242,7058.142857142857,6788.5
2023-07-24,180.0,280.0,146.0,7220,187.0,7500.0,-41.0,3.1353135313531455,-12369.0,1.272108843537415,7153.714285714285,6864.142857142857
2023-07-25,134.0,294.0,186.0,7510,136.0,7804.0,50.0,4.053333333333331,-12319.0,0.7272727272727273,7314.0,6963.857142857143
2023-07-26,202.0,313.0,158.0,7647,215.0,7960.0,-57.0,1.9989748846745314,-12376.0,1.3522012578616351,7474.0,7075.214285714285
2023-07-27,110.0,272.0,193.0,7754,259.0,8026.0,-66.0,0.8291457286432102,-12442.0,1.3350515463917525,7597.857142857143,7191.071428571428
2023-07-30,166.0,277.0,229.0,7671,305.0,7948.0,-76.0,-0.9718415150759996,-12518.0,1.326086956521739,7700.285714285715,7288.428571428572
2023-07-31,136.0,276.0,178.0,7800,220.0,8076.0,-42.0,1.610468042274782,-12560.0,1.229050279329609,7798.0,7385.714285714285
2023-08-01,87.0,246.0,173.0,8103,168.0,8349.0,5.0,3.3803863298662806,-12555.0,0.9655172413793104,7951.857142857143,7505.0
2023-08-02,84.0,171.0,157.0,8261,271.0,8432.0,-114.0,0.9941310336567311,-12669.0,1.7151898734177216,8085.0,7619.357142857143
2023-08-03,167.0,209.0,157.0,8294,339.0,8503.0,-182.0,0.8420303605312984,-12851.0,2.1455696202531644,8184.857142857143,7749.428571428572
2023-08-06,109.0,245.0,159.0,8298,322.0,8543.0,-163.0,0.4704222039280337,-13014.0,2.0125,8268.142857142857,7871.071428571428
2023-08-07,156.0,256.0,176.0,8493,202.0,8749.0,-26.0,2.4113309141987616,-13040.0,1.1412429378531073,8371.42857142857,7984.642857142857
2023-08-08,125.0,232.0,192.0,8725,207.0,8957.0,-15.0,2.3774145616641817,-13055.0,1.072538860103627,8515.57142857143,8107.928571428572
2023-08-09,118.0,139.0,168.0,8888,251.0,9027.0,-83.0,0.7815116668527411,-13138.0,1.485207100591716,8651.42857142857,8224.714285714286
2023-08-10,142.0,235.0,139.0,8914,353.0,9149.0,-214.0,1.3515010523983628,-13352.0,2.5214285714285714,8765.714285714286,8358.785714285714
2023-08-16,148.0,245.0,175.0,9634,288.0,9879.0,-113.0,7.979014099901627,-13465.0,1.6363636363636365,8972.42857142857,8528.714285714286
2023-08-17,119.0,219.0,210.0,9694,407.0,9913.0,-197.0,0.34416438910820357,-13662.0,1.9289099526066351,9173.857142857143,8679.357142857143
2023-08-20,105.0,210.0,149.0,9483,390.0,9693.0,-241.0,-2.219307979420959,-13903.0,2.6,9338.142857142857,8803.142857142857
2023-08-21,143.0,203.0,163.0,9668,281.0,9871.0,-118.0,1.8363767667388897,-14021.0,1.7134146341463414,9498.42857142857,8934.92857142857
2023-08-22,119.0,209.0,152.0,9921,230.0,10130.0,-78.0,2.623847634484844,-14099.0,1.5032679738562091,9666.0,9090.785714285714
2023-08-23,155.0,212.0,181.0,10071,285.0,10283.0,-104.0,1.5103652517275412,-14203.0,1.565934065934066,9845.42857142857,9248.42857142857
2023-08-24,109.0,214.0,173.0,10026,443.0,10240.0,-270.0,-0.41816590489156535,-14473.0,2.545977011494253,10001.285714285714,9383.5
2023-08-27,191.0,283.0,192.0,9873,488.0,10156.0,-296.0,-0.8203124999999978,-14769.0,2.528497409326425,10040.857142857143,9506.642857142857
2023-08-28,170.0,297.0,196.0,10012,388.0,10309.0,-192.0,1.5064986215045373,-14961.0,1.9695431472081217,10097.42857142857,9635.642857142857
2023-08-29,152.0,272.0,214.0,10180,286.0,10452.0,-72.0,1.387137452711218,-15033.0,1.330232558139535,10205.857142857143,9772.0
2023-08-30,239.0,367.0,224.0,10280,366.0,10647.0,-142.0,1.8656716417910557,-15175.0,1.6266666666666667,10316.714285714286,9907.57142857143
2023-08-31,113.0,280.0,237.0,10140,505.0,10420.0,-268.0,-2.1320559782098236,-15443.0,2.1218487394957983,10358.142857142857,10012.07142857143
2023-09-04,196.0,306.0,187.0,9988,293.0,10294.0,-106.0,-1.2092130518234212,-15549.0,1.5585106382978724,10359.714285714286,10102.57142857143
2023-09-05,236.0,330.0,222.0,10142,243.0,10472.0,-21.0,1.7291626190013565,-15570.0,1.0896860986547086,10392.857142857143,10197.07142857143
2023-09-06,81.0,230.0,242.0,10356,291.0,10586.0,-49.0,1.0886172650878434,-15619.0,1.1975308641975309,10454.285714285714,10247.57142857143
2023-09-07,118.0,245.0,160.0,10419,398.0,10664.0,-238.0,0.7368222180238027,-15857.0,2.472049689440994,10505.0,10301.214285714286
2023-09-10,218.0,283.0,208.0,10282,382.0,10565.0,-174.0,-0.9283570892723136,-16031.0,1.8277511961722488,10521.142857142857,10363.5
2023-09-11,132.0,243.0,183.0,10492,277.0,10735.0,-94.0,1.6090866067203002,-16125.0,1.5054347826086956,10533.714285714286,10425.214285714286
2023-09-12,224.0,315.0,152.0,10649,316.0,10964.0,-164.0,2.133209129017244,-16289.0,2.065359477124183,10611.42857142857,10484.785714285714
2023-09-13,167.0,326.0,213.0,10678,343.0,11004.0,-130.0,0.36483035388543694,-16419.0,1.602803738317757,10712.857142857143,10536.285714285714
2023-09-14,209.0,353.0,232.0,10837,414.0,11190.0,-182.0,1.6902944383860419,-16601.0,1.7768240343347639,10815.42857142857,10604.142857142857
2023-09-17,153.0,253.0,286.0,10799,427.0,11052.0,-141.0,-1.2332439678284235,-16742.0,1.4878048780487805,10882.0,10668.142857142857
2023-09-18,180.0,337.0,219.0,10892,313.0,11229.0,-94.0,1.601520086862096,-16836.0,1.4227272727272726,10962.714285714286,10733.857142857143
2023-09-19,133.0,287.0,189.0,11095,260.0,11382.0,-71.0,1.362543414373496,-16907.0,1.368421052631579,11079.42857142857,10800.285714285714
2023-09-20,187.0,310.0,247.0,11064,364.0,11374.0,-117.0,-0.07028641714988959,-17024.0,1.467741935483871,11170.714285714286,10852.214285714286
2023-09-21,168.0,285.0,210.0,11067,428.0,11352.0,-218.0,-0.19342359767892114,-17242.0,2.028436018957346,11226.142857142857,10918.785714285714
2023-09-24,269.0,412.0,204.0,10744,403.0,11156.0,-199.0,-1.7265680056377741,-17441.0,1.9658536585365853,11247.857142857143,10980.357142857143
2023-09-25,100.0,255.0,236.0,10842,284.0,11097.0,-48.0,-0.5288633918967389,-17489.0,1.1983122362869199,11234.57142857143,11025.0
2023-09-26,205.0,294.0,177.0,10978,332.0,11272.0,-155.0,1.5770027935477993,-17644.0,1.8651685393258426,11266.0,11074.0
2023-09-27,161.0,304.0,211.0,11017,331.0,11321.0,-120.0,0.434705464868701,-17764.0,1.5613207547169812,11279.142857142857,11120.92857142857
2023-09-28,57.0,162.0,193.0,10984,447.0,11146.0,-254.0,-1.545799841003448,-18018.0,2.304123711340206,11245.42857142857,11162.42857142857
2023-10-01,80.0,122.0,152.0,10598,493.0,10720.0,-341.0,-3.8219989233805873,-18359.0,3.2222222222222223,11152.0,11161.357142857143
2023-10-02,107.0,170.0,133.0,10724,284.0,10894.0,-151.0,1.6231343283582111,-18510.0,2.1194029850746268,11086.57142857143,11156.357142857143
2023-10-03,99.0,156.0,139.0,10818,287.0,10974.0,-148.0,0.7343491830365423,-18658.0,2.05,11060.57142857143,11154.214285714286
2023-10-04,25.0,66.0,94.0,10963,330.0,11029.0,-236.0,0.5011846181884438,-18894.0,3.473684210526316,11050.857142857143,11142.714285714286
2023-10-05,35.0,70.0,53.0,11130,427.0,11200.0,-374.0,1.5504578837610028,-19268.0,7.907407407407407,11040.57142857143,11153.285714285714
2023-10-09,43.0,73.0,64.0,10815,282.0,10888.0,-218.0,-2.7857142857142803,-19486.0,4.338461538461538,10978.714285714286,11128.92857142857
2023-10-10,41.0,60.0,71.0,10910,257.0,10970.0,-186.0,0.7531227038942045,-19672.0,3.5694444444444446,10953.57142857143,11099.5
2023-10-11,65.0,83.0,65.0,10960,266.0,11043.0,-201.0,0.6654512306289773,-19873.0,4.03030303030303,10999.714285714286,11075.857142857143
2023-10-12,38.0,80.0,82.0,10992,398.0,11072.0,-316.0,0.2626097980621189,-20189.0,4.795180722891566,11025.142857142857,11055.857142857143
2023-10-15,56.0,82.0,68.0,10571,434.0,10653.0,-366.0,-3.7843208092485536,-20555.0,6.2898550724637685,10979.285714285714,11019.92857142857
2023-10-16,74.0,103.0,80.0,10629,331.0,10732.0,-251.0,0.7415751431521622,-20806.0,4.08641975308642,10936.857142857143,10993.857142857143
2023-10-17,68.0,107.0,102.0,10630,315.0,10737.0,-213.0,0.04658963846440045,-21019.0,3.058252427184466,10870.714285714286,10955.642857142857
2023-10-18,92.0,124.0,93.0,10511,393.0,10635.0,-300.0,-0.9499860296172113,-21319.0,4.180851063829787,10834.57142857143,10906.642857142857
2023-10-19,113.0,162.0,107.0,10319,406.0,10481.0,-299.0,-1.4480488951574944,-21618.0,3.759259259259259,10764.714285714286,10859.142857142857
2023-10-22,106.0,196.0,131.0,9506,454.0,9702.0,-323.0,-7.432496899150842,-21941.0,3.4393939393939394,10573.142857142857,10786.42857142857
2023-10-23,86.0,152.0,168.0,9436,327.0,9588.0,-159.0,-1.1750154607297447,-22100.0,1.9349112426035502,10361.142857142857,10693.142857142857
2023-10-24,84.0,118.0,136.0,9396,300.0,9514.0,-164.0,-0.7717980809345049,-22264.0,2.18978102189781,10198.42857142857,10588.857142857143
2023-10-25,59.0,64.0,117.0,9351,293.0,9415.0,-176.0,-1.0405717889426125,-22440.0,2.483050847457627,10010.285714285714,10473.57142857143
2023-10-26,62.0,97.0,52.0,9235,390.0,9332.0,-338.0,-0.8815719596388716,-22778.0,7.3584905660377355,9809.57142857143,10340.142857142857
2023-10-29,91.0,75.0,97.0,8925,418.0,9000.0,-321.0,-3.557651093013292,-23099.0,4.26530612244898,9576.0,10205.285714285714
2023-10-30,29.0,51.0,11.0,9026,278.0,9077.0,-267.0,0.855555555555565,-23366.0,23.166666666666668,9375.42857142857,10070.07142857143
2023-10-31,33.0,53.0,34.0,9072,295.0,9125.0,-261.0,0.5288090778891696,-23627.0,8.428571428571429,9293.0,9933.07142857143
2023-11-01,132.0,235.0,197.0,9250,279.0,9485.0,-82.0,3.945205479452052,-23709.0,1.4090909090909092,9278.285714285714,9819.714285714286
2023-11-02,174.0,208.0,256.0,9442,330.0,9650.0,-74.0,1.7395888244596813,-23783.0,1.284046692607004,9297.714285714286,9748.07142857143
2023-11-05,123.0,230.0,167.0,9273,370.0,9503.0,-203.0,-1.523316062176161,-23986.0,2.2023809523809526,9310.285714285714,9660.285714285714
2023-11-06,123.0,233.0,159.0,9286,316.0,9519.0,-157.0,0.1683678838261704,-24143.0,1.975,9337.0,9573.285714285714
2023-11-07,141.0,232.0,188.0,9483,231.0,9715.0,-43.0,2.0590398151066225,-24186.0,1.2222222222222223,9439.142857142857,9507.57142857143
2023-11-08,158.0,226.0,191.0,9634,310.0,9860.0,-119.0,1.4925373134328401,-24305.0,1.6145833333333333,9551.0,9463.214285714286
2023-11-12,96.0,160.0,233.0,9477,313.0,9637.0,-80.0,-2.2616632860040564,-24385.0,1.3376068376068375,9624.142857142857,9458.57142857143
2023-11-13,141.0,173.0,129.0,9510,287.0,9683.0,-158.0,0.4773269689737569,-24543.0,2.207692307692308,9652.42857142857,9465.357142857143
2023-11-14,116.0,181.0,182.0,9665,247.0,9846.0,-65.0,1.6833625942373143,-24608.0,1.349726775956284,9680.42857142857,9489.07142857143
2023-11-15,150.0,157.0,201.0,9762,316.0,9919.0,-115.0,0.7414178346536682,-24723.0,1.5643564356435644,9739.857142857143,9525.07142857143
2023-11-16,80.0,176.0,125.0,9762,374.0,9938.0,-249.0,0.191551567698367,-24972.0,2.9682539682539684,9799.714285714286,9568.357142857143
2023-11-19,116.0,188.0,164.0,9573,435.0,9761.0,-271.0,-1.7810424632722865,-25243.0,2.6363636363636362,9806.285714285714,9622.714285714286
2023-11-20,105.0,185.0,158.0,9638,298.0,9823.0,-140.0,0.635180821637138,-25383.0,1.8742138364779874,9801.0,9676.0
2023-11-21,136.0,246.0,123.0,9804,250.0,10050.0,-127.0,2.310902982795482,-25510.0,2.0161290322580645,9860.0,9742.07142857143
2023-11-23,128.0,228.0,177.0,9838,283.0,10066.0,-106.0,0.1592039800994982,-25616.0,1.5898876404494382,9914.714285714286,9783.57142857143
2023-11-26,90.0,196.0,205.0,9845,312.0,10041.0,-107.0,-0.24836081859725967,-25723.0,1.5145631067961165,9942.57142857143,9811.5
2023-11-27,56.0,82.0,68.0,10123,214.0,10205.0,-146.0,1.6333034558311033,-25869.0,3.101449275362319,9983.42857142857,9861.642857142857
2023-11-28,74.0,103.0,80.0,10223,223.0,10326.0,-143.0,1.185693287604117,-26012.0,2.753086419753086,10038.857142857143,9919.285714285714
2023-11-29,68.0,107.0,102.0,10398,284.0,10505.0,-182.0,1.73348828200659,-26194.0,2.7572815533980584,10145.142857142857,9975.714285714286
2023-11-30,92.0,124.0,93.0,10536,320.0,10660.0,-227.0,1.47548786292242,-26421.0,3.404255319148936,10264.714285714286,10032.857142857143
2023-12-03,132.0,235.0,197.0,10579,417.0,10814.0,-220.0,1.4446529080675452,-26641.0,2.106060606060606,10373.857142857143,10116.92857142857
2023-12-04,174.0,208.0,256.0,10635,273.0,10843.0,-17.0,0.2681708895875712,-26658.0,1.0622568093385214,10484.857142857143,10199.785714285714
2023-12-05,123.0,230.0,167.0,10761,261.0,10991.0,-94.0,1.364935903347786,-26752.0,1.5535714285714286,10620.57142857143,10281.57142857143
2023-12-06,123.0,233.0,159.0,10832,376.0,11065.0,-217.0,0.6732781366572738,-26969.0,2.35,10743.42857142857,10363.42857142857
2023-12-07,141.0,232.0,188.0,10897,466.0,11129.0,-278.0,0.5784003615002309,-27247.0,2.4656084656084656,10858.142857142857,10448.5
2023-12-10,158.0,226.0,191.0,10871,411.0,11097.0,-220.0,-0.2875370653248277,-27467.0,2.140625,10942.714285714286,10543.92857142857
2023-12-11,96.0,160.0,233.0,10998,304.0,11158.0,-71.0,0.5496981166080994,-27538.0,1.2991452991452992,11013.857142857143,10639.285714285714
2023-12-12,141.0,173.0,129.0,11077,259.0,11250.0,-130.0,0.8245205233912811,-27668.0,1.9923076923076923,11076.142857142857,10725.0
2023-12-13,116.0,181.0,182.0,11192,335.0,11373.0,-153.0,1.093333333333324,-27821.0,1.830601092896175,11151.857142857143,10818.357142857143
2023-12-14,150.0,157.0,201.0,11242,396.0,11399.0,-195.0,0.2286116240218128,-28016.0,1.9603960396039604,11210.142857142857,10915.357142857143
2023-12-17,80.0,176.0,125.0,11092,456.0,11268.0,-331.0,-1.149223616106676,-28347.0,3.619047619047619,11239.142857142857,10991.285714285714
2023-12-18,116.0,188.0,164.0,11149,364.0,11337.0,-200.0,0.6123535676251235,-28547.0,2.206060606060606,11268.857142857143,11063.5
2023-12-19,105.0,185.0,158.0,11291,272.0,11476.0,-114.0,1.2260739172620605,-28661.0,1.7106918238993711,11323.0,11132.857142857143
2023-12-20,136.0,246.0,123.0,11516,390.0,11762.0,-267.0,2.492157546183349,-28928.0,3.1451612903225805,11409.285714285714,11211.57142857143
2023-12-21,128.0,228.0,177.0,11375,497.0,11603.0,-320.0,-1.3518109165107983,-29248.0,2.792134831460674,11459.714285714286,11267.92857142857
2023-12-25,90.0,196.0,205.0,11144,347.0,11340.0,-142.0,-2.266655175385679,-29390.0,1.6844660194174756,11455.0,11303.42857142857
2023-12-26,56.0,82.0,68.0,11217,288.0,11299.0,-220.0,-0.36155202821869237,-29610.0,4.173913043478261,11440.714285714286,11325.42857142857
2023-12-27,74.0,103.0,80.0,11206,335.0,11309.0,-255.0,0.08850340738117968,-29865.0,4.135802469135802,11446.57142857143,11342.857142857143
2023-12-28,68.0,107.0,102.0,11230,357.0,11337.0,-255.0,0.2475904147139385,-30120.0,3.466019417475728,11446.57142857143,11357.714285714286
2024-01-01,92.0,124.0,93.0,10870,290.0,10994.0,-197.0,-3.0254917526682523,-30317.0,3.0851063829787235,11377.714285714286,11350.357142857143
2024-01-02,113.0,162.0,107.0,10770,316.0,10932.0,-209.0,-0.5639439694378745,-30526.0,2.925925925925926,11259.142857142857,11334.214285714286
2024-01-03,106.0,196.0,131.0,10718,263.0,10914.0,-132.0,-0.16465422612513825,-30658.0,1.9924242424242424,11160.714285714286,11310.214285714286
2024-01-04,86.0,152.0,168.0,10558,362.0,10710.0,-194.0,-1.869158878504673,-30852.0,2.1420118343195265,11070.714285714286,11262.857142857143
2024-01-07,84.0,118.0,136.0,9670,367.0,9788.0,-231.0,-8.608776844070965,-31083.0,2.678832116788321,10854.857142857143,11147.785714285714
2024-01-08,59.0,64.0,117.0,9670,367.0,9734.0,-250.0,-0.5516959542296695,-31333.0,3.110169491525424,10629.857142857143,11038.214285714286
2024-01-09,62.0,97.0,52.0,9311,286.0,9408.0,-234.0,-3.3490856790630796,-31567.0,5.39622641509434,10354.285714285714,10900.42857142857
2024-01-10,91.0,75.0,97.0,9144,349.0,9219.0,-252.0,-2.00892857142857,-31819.0,3.561224489795918,10100.714285714286,10739.214285714286
2024-01-11,29.0,51.0,11.0,8829,476.0,8880.0,-465.0,-3.6771884152294154,-32284.0,39.666666666666664,9807.57142857143,10533.357142857143
2024-01-15,33.0,53.0,34.0,8033,234.0,8086.0,-200.0,-8.941441441441444,-32484.0,6.685714285714286,9403.57142857143,10282.142857142857
2024-01-16,32.0,49.0,39.0,8133,188.0,8182.0,-149.0,1.187237200098945,-32633.0,4.7,9042.42857142857,10056.57142857143
2024-01-17,80.0,176.0,125.0,8072,353.0,8248.0,-228.0,0.8066487411390932,-32861.0,2.8015873015873014,8822.42857142857,9838.642857142857
2024-01-18,116.0,188.0,164.0,8042,359.0,8230.0,-195.0,-0.21823472356935492,-33056.0,2.175757575757576,8607.57142857143,9618.714285714286
2024-01-21,105.0,185.0,158.0,7974,371.0,8159.0,-213.0,-0.8626974483596617,-33269.0,2.3333333333333335,8429.142857142857,9391.714285714286
2024-01-22,136.0,246.0,123.0,8008,222.0,8254.0,-99.0,1.164358377252106,-33368.0,1.7903225806451613,8291.285714285714,9196.0
2024-01-23,128.0,228.0,177.0,8133,202.0,8361.0,-25.0,1.296341167918591,-33393.0,1.1348314606741574,8217.142857142857,9012.357142857143
2024-01-24,90.0,196.0,205.0,8212,243.0,8408.0,-38.0,0.5621337160626627,-33431.0,1.1796116504854368,8263.142857142857,8833.357142857143
2024-01-25,102.0,189.0,155.0,8180,293.0,8369.0,-138.0,-0.4638439581351128,-33569.0,1.8782051282051282,8289.857142857143,8666.142857142857
2024-01-28,120.0,257.0,126.0,8004,307.0,8261.0,-181.0,-1.2904767594694722,-33750.0,2.4173228346456694,8291.714285714286,8557.07142857143
2024-01-29,137.0,272.0,166.0,8057,195.0,8329.0,-29.0,0.8231448977121358,-33779.0,1.1676646706586826,8305.857142857143,8456.714285714286
2024-01-30,93.0,198.0,208.0,8182,187.0,8380.0,21.0,0.6123184055708997,-33758.0,0.8947368421052632,8337.42857142857,8383.285714285714
2024-01-31,203.0,477.0,258.0,8153,266.0,8630.0,-8.0,2.9832935560859086,-33766.0,1.027027027027027,8391.142857142857,8341.214285714286
2024-02-01,222.0,459.0,289.0,8026,337.0,8485.0,-48.0,-1.6801853997682525,-33814.0,1.1620689655172414,8408.857142857143,8313.0
2024-02-04,253.0,531.0,248.0,7813,342.0,8344.0,-94.0,-1.6617560400707165,-33908.0,1.3734939759036144,8399.714285714286,8331.42857142857
2024-02-05,157.0,466.0,345.0,7872,242.0,8338.0,103.0,-0.07190795781399917,-33805.0,0.6994219653179191,8395.285714285714,8342.57142857143
2024-02-06,291.0,455.0,323.0,8045,178.0,8500.0,145.0,1.9429119692971897,-33660.0,0.5493827160493827,8429.42857142857,8360.57142857143
2024-02-07,227.0,453.0,330.0,8160,222.0,8613.0,108.0,1.32941176470589,-33552.0,0.6706948640483383,8470.0,8387.92857142857
2024-02-08,298.0,499.0,358.0,8188,315.0,8687.0,43.0,0.8591663764077495,-33509.0,0.8774373259052924,8513.857142857143,8425.642857142857
2024-02-11,205.0,515.0,226.0,8056,347.0,8571.0,-121.0,-1.3353286520087493,-33630.0,1.52863436123348,8505.42857142857,8448.285714285714
2024-02-12,213.0,430.0,440.0,8092,234.0,8522.0,206.0,-0.5716952514292384,-33424.0,0.5306122448979592,8510.714285714286,8459.785714285714
2024-02-13,227.0,369.0,349.0,8348,160.0,8717.0,189.0,2.2881952593287957,-33235.0,0.45714285714285713,8564.0,8481.857142857143
2024-02-14,185.0,322.0,272.0,8512,230.0,8834.0,42.0,1.3422048870024073,-33193.0,0.8424908424908425,8634.857142857143,8515.07142857143
2024-02-15,333.0,508.0,272.0,8463,312.0,8971.0,-40.0,1.5508263527280963,-33233.0,1.1428571428571428,8702.142857142857,8565.785714285714
2024-02-19,249.0,420.0,371.0,8380,218.0,8800.0,153.0,-1.9061420131535,-33080.0,0.5860215053763441,8728.857142857143,8599.42857142857
2024-02-20,149.0,395.0,273.0,8488,192.0,8883.0,81.0,0.9431818181818263,-32999.0,0.7007299270072993,8756.857142857143,8635.357142857143
2024-02-21,232.0,430.0,318.0,8573,231.0,9003.0,87.0,1.3508949679162496,-32912.0,0.7241379310344828,8818.57142857143,8662.0
2024-02-22,165.0,400.0,292.0,8607,293.0,9007.0,-1.0,0.04442963456625648,-32913.0,1.0,8887.857142857143,8699.285714285714
2024-02-25,244.0,482.0,366.0,8404,329.0,8886.0,37.0,-1.3433995781059194,-32876.0,0.896457765667575,8912.0,8738.0
2024-02-26,199.0,438.0,326.0,8404,329.0,8842.0,-3.0,-0.4951609273013746,-32879.0,1.0061162079510704,8913.142857142857,8774.0
2024-02-27,197.0,369.0,306.0,8650,206.0,9019.0,100.0,2.0018095453517404,-32779.0,0.6710097719869706,8920.0,8811.07142857143
2024-02-28,209.0,447.0,274.0,8699,257.0,9146.0,17.0,1.4081383745426335,-32762.0,0.9345454545454546,8969.42857142857,8849.142857142857
2024-02-29,262.0,444.0,354.0,8724,299.0,9168.0,55.0,0.2405423135797058,-32707.0,0.8422535211267606,9010.142857142857,8883.5
2024-03-03,236.0,468.0,347.0,8594,354.0,9062.0,-7.0,-1.1561954624781823,-32714.0,1.0172413793103448,9018.57142857143,8918.57142857143
2024-03-04,225.0,509.0,340.0,8660,229.0,9169.0,111.0,1.1807548002648494,-32603.0,0.6715542521994134,9041.714285714286,8964.785714285714
2024-03-05,246.0,472.0,345.0,8800,214.0,9272.0,131.0,1.12335041989311,-32472.0,0.6184971098265896,9096.857142857143,9004.42857142857
2024-03-06,230.0,457.0,277.0,8870,232.0,9327.0,45.0,0.5931837791199213,-32427.0,0.8345323741007195,9166.142857142857,9039.642857142857
2024-03-07,181.0,424.0,328.0,8902,305.0,9326.0,23.0,-0.010721561059290341,-32404.0,0.9270516717325228,9210.0,9065.0
2024-03-10,190.0,368.0,326.0,8714,373.0,9082.0,-47.0,-2.6163414111087246,-32451.0,1.1406727828746177,9200.857142857143,9085.142857142857
2024-03-11,178.0,336.0,290.0,8757,253.0,9093.0,37.0,0.12111869632238648,-32414.0,0.8694158075601375,9190.142857142857,9100.142857142857
2024-03-12,154.0,294.0,290.0,8843,213.0,9137.0,77.0,0.4838887055977015,-32337.0,0.7319587628865979,9200.857142857143,9109.714285714286
2024-03-13,165.0,358.0,167.0,8819,239.0,9177.0,-72.0,0.43778045310276514,-32409.0,1.4226190476190477,9202.0,9121.857142857143
2024-03-14,166.0,301.0,252.0,8695,310.0,8996.0,-58.0,-1.9723221096218824,-32467.0,1.225296442687747,9162.57142857143,9129.714285714286
2024-03-17,127.0,260.0,259.0,8373,342.0,8633.0,-83.0,-4.035126722987991,-32550.0,1.3153846153846154,9063.42857142857,9114.785714285714
2024-03-18,123.0,243.0,188.0,8333,283.0,8576.0,-95.0,-0.6602571527858259,-32645.0,1.4973544973544974,8956.285714285714,9083.142857142857
2024-03-19,99.0,202.0,256.0,8390,197.0,8592.0,59.0,0.1865671641791078,-32586.0,0.7665369649805448,8886.285714285714,9043.57142857143
2024-03-20,91.0,181.0,174.0,8365,227.0,8546.0,-53.0,-0.5353817504655467,-32639.0,1.2971428571428572,8808.142857142857,8999.142857142857
2024-03-21,132.0,261.0,141.0,8292,235.0,8553.0,-94.0,0.08190966534051825,-32733.0,1.6549295774647887,8724.714285714286,8962.785714285714
2024-03-24,124.0,264.0,221.0,7899,373.0,8163.0,-152.0,-4.559803577692034,-32885.0,1.6801801801801801,8579.857142857143,8890.92857142857
2024-03-25,128.0,242.0,224.0,7899,229.0,8141.0,-5.0,-0.26950875903466454,-32890.0,1.0177777777777777,8457.714285714286,8810.142857142857
2024-03-26,187.0,276.0,200.0,7919,208.0,8195.0,-8.0,0.6633091757769272,-32898.0,1.0348258706467661,8395.142857142857,8729.285714285714
2024-03-27,129.0,287.0,185.0,7893,215.0,8180.0,-30.0,-0.18303843807199183,-32928.0,1.1559139784946237,8338.57142857143,8647.42857142857
2024-03-28,161.0,288.0,248.0,7762,360.0,8050.0,-112.0,-1.58924205378973,-33040.0,1.4457831325301205,8261.142857142857,8573.714285714286
2024-03-31,105.0,254.0,151.0,7257,287.0,7511.0,-136.0,-6.695652173913047,-33176.0,1.888157894736842,8113.285714285715,8460.714285714286
2024-04-01,109.0,235.0,171.0,7271,172.0,7506.0,-1.0,-0.06656903208627218,-33177.0,1.0,7963.714285714285,8344.214285714286
2024-04-02,101.0,230.0,175.0,7340,132.0,7570.0,43.0,0.8526512123634422,-33134.0,0.75,7879.0,8229.42857142857
2024-04-03,124.0,230.0,190.0,7346,163.0,7576.0,27.0,0.07926023778070945,-33107.0,0.8534031413612565,7798.285714285715,8128.0
2024-04-04,95.0,226.0,152.0,7317,225.0,7543.0,-73.0,-0.4355860612460405,-33180.0,1.4705882352941178,7705.142857142857,8050.142857142857
2024-04-07,106.0,239.0,233.0,6982,279.0,7221.0,-46.0,-4.268858544345755,-33226.0,1.1923076923076923,7568.142857142857,7953.357142857143
2024-04-08,102.0,230.0,167.0,6988,199.0,7218.0,-32.0,-0.041545492314087884,-33258.0,1.1845238095238095,7449.285714285715,7855.214285714285
2024-04-09,118.0,231.0,217.0,7043,130.0,7274.0,87.0,0.775838182321964,-33171.0,0.5963302752293578,7415.428571428572,7764.357142857143
2024-04-10,117.0,244.0,142.0,6999,227.0,7243.0,-85.0,-0.42617541930162206,-33256.0,1.5874125874125875,7377.857142857143,7670.785714285715
2024-04-11,183.0,221.0,220.0,6912,285.0,7133.0,-65.0,-1.518707717796497,-33321.0,1.2895927601809956,7315.428571428572,7597.214285714285
2024-04-14,128.0,245.0,243.0,6630,290.0,6875.0,-47.0,-3.6169914481985144,-33368.0,1.1885245901639345,7215.285714285715,7506.785714285715
2024-04-15,144.0,303.0,176.0,6681,191.0,6984.0,-15.0,1.5854545454545566,-33383.0,1.07909604519774,7135.428571428572,7420.285714285715
2024-04-16,219.0,392.0,205.0,6685,163.0,7077.0,42.0,1.3316151202749094,-33341.0,0.7912621359223301,7114.857142857143,7341.5
2024-04-17,182.0,371.0,274.0,6725,227.0,7096.0,47.0,0.2684753426593245,-33294.0,0.8254545454545454,7097.428571428572,7273.357142857143
2024-04-18,144.0,322.0,258.0,6728,260.0,7050.0,-2.0,-0.6482525366403591,-33296.0,1.0038610038610039,7065.428571428572,7240.428571428572
2024-04-21,208.0,380.0,343.0,6745,240.0,7125.0,103.0,1.0638297872340496,-33193.0,0.6976744186046512,7048.571428571428,7213.214285714285
2024-04-22,176.0,424.0,251.0,6799,214.0,7223.0,37.0,1.3754385964912297,-33156.0,0.8492063492063492,7061.428571428572,7188.428571428572
2024-04-23,252.0,427.0,307.0,6967,134.0,7394.0,173.0,2.367437352900459,-32983.0,0.43506493506493504,7135.571428571428,7175.428571428572
2024-04-24,253.0,411.0,307.0,7128,154.0,7539.0,153.0,1.9610494995942584,-32830.0,0.5,7214.857142857143,7175.142857142857
2024-04-25,145.0,357.0,333.0,7209,217.0,7566.0,116.0,0.35813768404298063,-32714.0,0.6497005988023952,7284.714285714285,7199.785714285715
2024-04-28,158.0,349.0,365.0,7298,250.0,7647.0,115.0,1.0705789056304482,-32599.0,0.6830601092896175,7363.428571428572,7230.428571428572
2024-04-29,140.0,292.0,255.0,7373,187.0,7665.0,68.0,0.23538642604943316,-32531.0,0.73046875,7451.285714285715,7258.357142857143
2024-04-30,220.0,443.0,194.0,7431,135.0,7874.0,59.0,2.726679712981084,-32472.0,0.6923076923076923,7558.285714285715,7303.428571428572
2024-05-01,197.0,437.0,295.0,7508,190.0,7945.0,105.0,0.9017018034036095,-32367.0,0.6418918918918919,7661.428571428572,7361.428571428572
2024-05-02,206.0,411.0,293.0,7577,194.0,7988.0,99.0,0.5412208936437901,-32268.0,0.6598639455782312,7746.285714285715,7440.928571428572
2024-05-05,150.0,315.0,228.0,7447,332.0,7762.0,-104.0,-2.829243865798703,-32372.0,1.4497816593886463,7778.142857142857,7496.5
2024-05-06,173.0,337.0,211.0,7449,205.0,7786.0,6.0,0.30919866013914277,-32366.0,0.9669811320754716,7809.571428571428,7547.142857142857
2024-05-07,176.0,334.0,246.0,7566,163.0,7900.0,83.0,1.4641664526072518,-32283.0,0.659919028340081,7845.714285714285,7604.571428571428
2024-05-08,167.0,374.0,205.0,7583,202.0,7957.0,3.0,0.7215189873417627,-32280.0,0.9805825242718447,7887.428571428572,7669.357142857143
2024-05-09,138.0,285.0,268.0,7570,244.0,7855.0,24.0,-1.2818901596078902,-32256.0,0.9070631970260223,7884.714285714285,7721.5
2024-05-12,138.0,301.0,263.0,7464,245.0,7765.0,18.0,-1.145767027371103,-32238.0,0.928030303030303,7859.0,7760.214285714285
2024-05-13,112.0,331.0,167.0,7499,157.0,7830.0,10.0,0.8370895041854398,-32228.0,0.9345238095238095,7836.428571428572,7791.357142857143
2024-05-14,246.0,419.0,218.0,7546,186.0,7965.0,32.0,1.724137931034475,-32196.0,0.8493150684931506,7865.428571428572,7821.785714285715
2024-05-15,115.0,285.0,341.0,7589,265.0,7874.0,76.0,-1.1424984306340202,-32120.0,0.7748538011695907,7878.0,7843.785714285715
2024-05-16,206.0,340.0,214.0,7565,234.0,7905.0,-20.0,0.3937007874015741,-32140.0,1.0883720930232559,7878.714285714285,7862.214285714285
2024-05-19,143.0,295.0,278.0,7356,298.0,7651.0,-20.0,-3.2131562302340266,-32160.0,1.0681003584229392,7835.0,7861.214285714285
2024-05-20,111.0,268.0,217.0,7368,192.0,7636.0,25.0,-0.19605280355509125,-32135.0,0.8807339449541285,7803.714285714285,7844.214285714285
2024-05-21,196.0,348.0,176.0,7404,145.0,7752.0,31.0,1.5191199580932402,-32104.0,0.8192090395480226,7801.857142857143,7830.428571428572
2024-05-22,168.0,349.0,272.0,7474,208.0,7823.0,64.0,0.9158926728586092,-32040.0,0.7619047619047619,7800.857142857143,7818.642857142857
2024-05-23,193.0,272.0,314.0,7494,227.0,7766.0,87.0,-0.7286207337338646,-31953.0,0.7206349206349206,7772.428571428572,7818.928571428572
2024-05-27,156.0,344.0,252.0,7365,167.0,7709.0,85.0,-0.7339685809940821,-31868.0,0.6600790513833992,7748.857142857143,7813.428571428572
2024-05-28,153.0,348.0,239.0,7418,151.0,7766.0,88.0,0.7393955117395157,-31780.0,0.6291666666666667,7729.0,7803.857142857143
2024-05-29,182.0,462.0,158.0,7491,141.0,7953.0,17.0,2.4079320113314484,-31763.0,0.8867924528301887,7772.142857142857,7803.571428571428
2024-05-30,167.0,406.0,339.0,7563,190.0,7969.0,149.0,0.20118194392053645,-31614.0,0.5588235294117647,7819.714285714285,7811.714285714285
2024-06-02,159.0,330.0,322.0,7546,306.0,7876.0,16.0,-1.1670222110678918,-31598.0,0.9473684210526315,7837.428571428572,7819.642857142857
2024-06-03,109.0,244.0,257.0,7596,224.0,7840.0,33.0,-0.45708481462671813,-31565.0,0.8682170542635659,7839.857142857143,7820.357142857143
2024-06-04,260.0,356.0,176.0,7565,203.0,7921.0,-27.0,1.033163265306114,-31592.0,1.1468926553672316,7862.0,7817.214285714285
2024-06-05,173.0,345.0,291.0,7691,198.0,8036.0,93.0,1.4518368892816547,-31499.0,0.678082191780822,7908.714285714285,7828.785714285715
2024-06-06,179.0,326.0,282.0,7741,238.0,8067.0,44.0,0.3857640617222602,-31455.0,0.8409893992932862,7951.714285714285,7840.357142857143
2024-06-09,116.0,289.0,166.0,7451,312.0,7740.0,-146.0,-4.0535515061361105,-31601.0,1.8682634730538923,7921.285714285715,7846.714285714285
2024-06-10,184.0,334.0,229.0,7439,212.0,7773.0,17.0,0.426356589147292,-31584.0,0.9217391304347826,7893.285714285715,7856.5
2024-06-11,186.0,352.0,224.0,7493,156.0,7845.0,68.0,0.9262832883056626,-31516.0,0.6933333333333334,7888.857142857143,7863.142857142857
2024-06-12,152.0,266.0,274.0,7548,212.0,7814.0,62.0,-0.39515615041427754,-31454.0,0.7709090909090909,7885.142857142857,7862.5
2024-06-13,167.0,293.0,230.0,7544,259.0,7837.0,-29.0,0.2943434860506855,-31483.0,1.121212121212121,7873.142857142857,7867.571428571428
2024-06-16,204.0,315.0,233.0,7307,294.0,7622.0,-61.0,-2.7433967079239507,-31544.0,1.2564102564102564,7814.0,7861.357142857143
2024-06-17,159.0,310.0,272.0,7318,224.0,7628.0,48.0,0.07871949619522312,-31496.0,0.8205128205128205,7751.285714285715,7851.5
2024-06-18,160.0,297.0,253.0,7340,214.0,7637.0,39.0,0.11798636601991763,-31457.0,0.84251968503937,7736.571428571428,7828.928571428572
2024-06-19,204.0,321.0,246.0,7433,198.0,7754.0,48.0,1.5320151892104228,-31409.0,0.8016194331983806,7733.857142857143,7813.571428571428
2024-06-20,145.0,247.0,243.0,7431,235.0,7678.0,8.0,-0.9801392829507316,-31401.0,0.9631147540983607,7710.0,7799.428571428572
2024-06-23,102.0,227.0,201.0,7247,294.0,7474.0,-93.0,-2.6569419119562343,-31494.0,1.4554455445544554,7661.428571428572,7773.285714285715
2024-06-24,116.0,175.0,172.0,7239,202.0,7414.0,-30.0,-0.8027829810008047,-31524.0,1.1676300578034682,7601.0,7737.071428571428
2024-06-25,172.0,263.0,191.0,7239,202.0,7502.0,-11.0,1.1869436201780381,-31535.0,1.0520833333333333,7583.857142857143,7698.928571428572
2024-06-26,132.0,235.0,197.0,7268,187.0,7503.0,10.0,0.013329778725679198,-31525.0,0.9444444444444444,7566.0,7658.642857142857
2024-06-27,174.0,208.0,256.0,7248,268.0,7456.0,-12.0,-0.6264161002265789,-31537.0,1.0428015564202335,7540.142857142857,7638.357142857143
2024-06-30,123.0,230.0,167.0,6874,273.0,7104.0,-106.0,-4.72103004291845,-31643.0,1.625,7447.285714285715,7590.571428571428
2024-07-01,123.0,233.0,159.0,6825,229.0,7058.0,-70.0,-0.6475225225225256,-31713.0,1.43125,7358.714285714285,7534.357142857143
2024-07-02,141.0,232.0,188.0,6823,184.0,7055.0,4.0,-0.042504958911870894,-31709.0,0.9735449735449735,7298.857142857143,7480.142857142857
2024-07-04,158.0,226.0,191.0,6790,225.0,7016.0,-34.0,-0.5527994330262187,-31743.0,1.171875,7242.0,7421.5
2024-07-07,96.0,160.0,233.0,6599,213.0,6759.0,20.0,-3.6630558722919093,-31723.0,0.9102564102564102,7135.857142857143,7359.857142857143
2024-07-08,141.0,173.0,129.0,6617,123.0,6790.0,6.0,0.458647728953987,-31717.0,0.9461538461538461,7034.0,7300.0
2024-07-09,116.0,181.0,182.0,6651,130.0,6832.0,52.0,0.6185567010309256,-31665.0,0.7103825136612022,6944.857142857143,7242.5
2024-07-10,150.0,157.0,201.0,6649,177.0,6806.0,24.0,-0.38056206088993294,-31641.0,0.8762376237623762,6902.285714285715,7174.785714285715
2024-07-11,80.0,176.0,125.0,6640,197.0,6816.0,-72.0,0.1469291801351691,-31713.0,1.5634920634920635,6867.714285714285,7113.214285714285
2024-07-14,116.0,188.0,164.0,6308,237.0,6496.0,-73.0,-4.694835680751175,-31786.0,1.4363636363636363,6787.857142857143,7043.357142857143
2024-07-15,105.0,185.0,158.0,6283,171.0,6468.0,-13.0,-0.4310344827586188,-31799.0,1.0754716981132075,6709.571428571428,6975.785714285715
2024-07-16,136.0,246.0,123.0,6239,173.0,6485.0,-50.0,0.26283240568953925,-31849.0,1.3951612903225807,6670.428571428572,6903.142857142857
2024-07-17,128.0,228.0,177.0,6228,187.0,6456.0,-10.0,-0.44718581341557373,-31859.0,1.050561797752809,6622.714285714285,6828.357142857143
2024-07-21,90.0,196.0,205.0,6058,262.0,6254.0,-57.0,-3.1288723667905805,-31916.0,1.2718446601941749,6540.142857142857,6742.5
2024-07-22,102.0,189.0,155.0,6002,234.0,6191.0,-79.0,-1.0073552926127327,-31995.0,1.5,6452.285714285715,6677.285714285715
2024-07-23,120.0,257.0,126.0,5965,170.0,6222.0,-44.0,0.500726861573253,-32039.0,1.3385826771653544,6367.428571428572,6617.571428571428
2024-07-24,137.0,272.0,166.0,5927,177.0,6199.0,-11.0,-0.3696560591449738,-32050.0,1.0598802395209581,6325.0,6556.428571428572
2024-07-25,93.0,198.0,208.0,5954,194.0,6152.0,14.0,-0.7581868043232798,-32036.0,0.9282296650717703,6279.857142857143,6494.714285714285
2024-07-28,152.0,290.0,199.0,5743,207.0,6033.0,-8.0,-1.934330299089726,-32044.0,1.035,6215.285714285715,6442.857142857143
2024-07-29,114.0,210.0,219.0,5819,163.0,6029.0,56.0,-0.06630200563566557,-31988.0,0.740909090909091,6154.285714285715,6388.5
2024-07-30,125.0,203.0,208.0,5930,92.0,6133.0,116.0,1.724995853375355,-31872.0,0.44019138755980863,6137.0,6338.571428571428
2024-07-31,140.0,261.0,163.0,5963,154.0,6224.0,9.0,1.4837762921897868,-31863.0,0.9390243902439024,6141.714285714285,6297.0
2024-08-01,227.0,298.0,212.0,6016,169.0,6314.0,43.0,1.4460154241645151,-31820.0,0.7934272300469484,6154.857142857143,6261.142857142857
2024-08-04,63.0,167.0,143.0,5943,170.0,6110.0,-27.0,-3.230915426037373,-31847.0,1.1805555555555556,6142.142857142857,6233.571428571428
2024-08-05,172.0,259.0,138.0,5950,150.0,6209.0,-12.0,1.6202945990180018,-31859.0,1.079136690647482,6150.285714285715,6215.071428571428
2024-08-06,163.0,283.0,200.0,5998,143.0,6281.0,57.0,1.1596070220647459,-31802.0,0.7114427860696517,6185.714285714285,6200.5
2024-08-07,135.0,273.0,207.0,6038,174.0,6311.0,33.0,0.4776309504855858,-31769.0,0.8365384615384616,6226.0,6190.142857142857
2024-08-08,119.0,230.0,213.0,6084,174.0,6314.0,39.0,0.04753604816987167,-31730.0,0.8130841121495327,6251.857142857143,6194.428571428572
2024-08-11,95.0,211.0,140.0,5894,249.0,6105.0,-109.0,-3.3101045296167197,-31839.0,1.7659574468085106,6234.857142857143,6188.285714285715
2024-08-12,109.0,219.0,155.0,5903,148.0,6122.0,7.0,0.27846027846027965,-31832.0,0.9487179487179487,6207.428571428572,6181.142857142857
2024-08-13,162.0,239.0,189.0,5981,123.0,6220.0,66.0,1.6007840574975507,-31766.0,0.6473684210526316,6223.142857142857,6182.642857142857
2024-08-14,109.0,226.0,191.0,5987,178.0,6213.0,13.0,-0.11254019292604722,-31753.0,0.9270833333333334,6223.714285714285,6187.0
2024-08-15,124.0,241.0,156.0,5895,220.0,6136.0,-64.0,-1.2393368742958266,-31817.0,1.4012738853503184,6203.0,6194.357142857143
2024-08-18,86.0,244.0,235.0,5821,178.0,6065.0,57.0,-1.1571056062581464,-31760.0,0.7542372881355932,6167.857142857143,6196.928571428572
2024-08-19,176.0,254.0,162.0,5865,158.0,6119.0,4.0,0.8903544929925733,-31756.0,0.9693251533742331,6140.0,6195.928571428572
2024-08-20,136.0,274.0,245.0,5995,112.0,6269.0,133.0,2.45138094459878,-31623.0,0.45528455284552843,6163.428571428572,6199.142857142857
2024-08-21,134.0,245.0,167.0,6028,156.0,6273.0,11.0,0.06380602966979954,-31612.0,0.9285714285714286,6185.0,6196.214285714285
2024-08-22,182.0,307.0,205.0,6054,171.0,6361.0,34.0,1.4028375577873398,-31578.0,0.8300970873786407,6205.142857142857,6214.142857142857
2024-08-27,149.0,285.0,222.0,6152,97.0,6437.0,125.0,1.1947806948592987,-31453.0,0.4349775784753363,6237.142857142857,6230.428571428572
2024-08-28,170.0,285.0,178.0,6227,134.0,6512.0,44.0,1.1651390399254336,-31409.0,0.7486033519553073,6290.857142857143,6246.928571428572
2024-08-29,145.0,295.0,188.0,6250,169.0,6545.0,19.0,0.5067567567567544,-31390.0,0.8941798941798942,6359.428571428572,6263.642857142857
2024-09-02,133.0,270.0,198.0,6192,129.0,6462.0,69.0,-1.268143621084794,-31321.0,0.6482412060301508,6408.428571428572,6274.214285714285
2024-09-03,131.0,263.0,177.0,6272,112.0,6535.0,65.0,1.1296812132466805,-31256.0,0.6292134831460674,6446.428571428572,6304.928571428572
2024-09-04,121.0,231.0,219.0,6375,114.0,6606.0,105.0,1.0864575363427775,-31151.0,0.5181818181818182,6494.0,6339.5
2024-09-05,126.0,230.0,175.0,6448,121.0,6678.0,54.0,1.089918256130784,-31097.0,0.6875,6539.285714285715,6372.214285714285
2024-09-08,123.0,255.0,164.0,6312,221.0,6567.0,-57.0,-1.6621743036837389,-31154.0,1.3393939393939394,6557.857142857143,6397.5
2024-09-09,144.0,275.0,190.0,6353,141.0,6628.0,49.0,0.928886858535094,-31105.0,0.7382198952879581,6574.428571428572,6432.642857142857
2024-09-10,131.0,251.0,180.0,6396,148.0,6647.0,32.0,0.28666264333132574,-31073.0,0.8176795580110497,6589.0,6474.214285714285
2024-09-11,93.0,248.0,175.0,6410,162.0,6658.0,13.0,0.16548819016097838,-31060.0,0.9204545454545454,6617.0,6512.714285714285
2024-09-12,184.0,280.0,210.0,6360,220.0,6640.0,-10.0,-0.270351456893958,-31070.0,1.042654028436019,6632.0,6539.214285714285
2024-09-13,81.0,200.0,212.0,6326,279.0,6526.0,-67.0,-1.7168674698795128,-31137.0,1.3098591549295775,6620.571428571428,6557.285714285715
2024-09-15,98.0,220.0,167.0,6234,210.0,6454.0,-43.0,-1.1032791909285966,-31180.0,1.25,6588.571428571428,6563.928571428572
2024-09-16,113.0,209.0,160.0,6229,164.0,6438.0,-4.0,-0.24790827393864623,-31184.0,1.0186335403726707,6570.142857142857,6564.0
2024-09-17,159.0,304.0,139.0,6227,160.0,6531.0,-21.0,1.4445479962721386,-31205.0,1.1428571428571428,6556.285714285715,6565.357142857143
2024-09-18,116.0,213.0,217.0,6245,149.0,6458.0,68.0,-1.1177461338233052,-31137.0,0.6834862385321101,6529.285714285715,6559.142857142857
2024-09-19,93.0,196.0,169.0,6270,188.0,6466.0,-19.0,0.12387736141219463,-31156.0,1.1058823529411765,6501.857142857143,6559.428571428572
2024-09-22,124.0,234.0,161.0,5989,197.0,6223.0,-36.0,-3.7581193937519353,-31192.0,1.2160493827160495,6442.285714285715,6537.142857142857
2024-09-23,92.0,203.0,173.0,6002,165.0,6205.0,8.0,-0.28924955809095376,-31184.0,0.9482758620689655,6396.428571428572,6508.5
2024-09-24,186.0,259.0,172.0,6023,143.0,6282.0,29.0,1.2409347300563978,-31155.0,0.8265895953757225,6371.857142857143,6480.214285714285
2024-09-25,154.0,225.0,220.0,6050,169.0,6275.0,51.0,-0.11142948105699046,-31104.0,0.7647058823529411,6348.571428571428,6459.357142857143
2024-09-26,91.0,199.0,172.0,6090,185.0,6289.0,-13.0,0.223107569721126,-31117.0,1.069364161849711,6314.0,6435.142857142857
2024-09-29,81.0,213.0,153.0,5925,177.0,6138.0,-24.0,-2.401017649864845,-31141.0,1.1493506493506493,6268.285714285715,6398.785714285715
2024-09-30,209.0,285.0,184.0,5967,138.0,6252.0,46.0,1.8572825024437911,-31095.0,0.745945945945946,6237.714285714285,6369.785714285715
2024-10-01,184.0,314.0,217.0,6040,137.0,6354.0,80.0,1.6314779270633295,-31015.0,0.6284403669724771,6256.428571428572,6349.357142857143
2024-10-02,107.0,215.0,230.0,6091,173.0,6306.0,57.0,-0.7554296506137814,-30958.0,0.7489177489177489,6270.857142857143,6333.642857142857
2024-10-03,101.0,162.0,178.0,6118,193.0,6280.0,-15.0,-0.4123057405645447,-30973.0,1.0782122905027933,6270.571428571428,6321.214285714285
2024-10-07,99.0,190.0,176.0,5968,153.0,6158.0,23.0,-1.942675159235674,-30950.0,0.864406779661017,6253.857142857143,6301.214285714285
2024-10-08,167.0,239.0,166.0,6013,123.0,6252.0,43.0,1.5264696329977179,-30907.0,0.7365269461077845,6248.571428571428,6281.285714285715
2024-10-09,115.0,216.0,169.0,6047,137.0,6263.0,32.0,0.175943698016634,-30875.0,0.8058823529411765,6266.428571428572,6267.357142857143
2024-10-10,84.0,158.0,193.0,6075,159.0,6233.0,34.0,-0.4790036723614888,-30841.0,0.8195876288659794,6263.714285714285,6250.714285714285
2024-10-13,130.0,227.0,192.0,5889,210.0,6116.0,-18.0,-1.8771057275790204,-30859.0,1.0880829015544042,6229.714285714285,6243.071428571428
2024-10-14,88.0,214.0,160.0,5935,106.0,6149.0,54.0,0.5395683453237377,-30805.0,0.6583850931677019,6207.285714285715,6239.071428571428
2024-10-15,113.0,208.0,159.0,6013,107.0,6221.0,52.0,1.170922101154659,-30753.0,0.66875,6198.857142857143,6234.714285714285
2024-10-16,174.0,285.0,150.0,6036,129.0,6321.0,21.0,1.6074586079408482,-30732.0,0.8543046357615894,6222.142857142857,6238.0
2024-10-17,104.0,230.0,206.0,6076,160.0,6306.0,46.0,-0.23730422401518902,-30686.0,0.7729468599033816,6229.857142857143,6239.214285714285
2024-10-20,147.0,276.0,214.0,5918,195.0,6194.0,19.0,-1.776086267047261,-30667.0,0.9069767441860465,6220.0,6243.214285714285
2024-10-21,108.0,220.0,213.0,5966,154.0,6186.0,59.0,-0.12915724895059544,-30608.0,0.719626168224299,6213.285714285715,6238.5
2024-10-22,180.0,280.0,146.0,6043,109.0,6323.0,37.0,2.2146783058519137,-30571.0,0.7414965986394558,6242.857142857143,6236.285714285715
2024-10-23,134.0,294.0,186.0,6077,138.0,6371.0,48.0,0.7591333227898067,-30523.0,0.7379679144385026,6274.571428571428,6240.928571428572
2024-10-27,202.0,313.0,158.0,5974,192.0,6287.0,-34.0,-1.318474336838804,-30557.0,1.2075471698113207,6284.0,6241.428571428572
2024-10-28,110.0,272.0,193.0,6008,156.0,6280.0,37.0,-0.11134086209638738,-30520.0,0.8041237113402062,6278.142857142857,6250.142857142857
2024-10-29,166.0,277.0,229.0,6106,126.0,6383.0,103.0,1.6401273885350287,-30417.0,0.5478260869565217,6289.142857142857,6259.5
2024-10-30,136.0,276.0,178.0,6149,160.0,6425.0,18.0,0.6579978066739711,-30399.0,0.8938547486033519,6322.142857142857,6271.071428571428
2024-10-31,87.0,246.0,173.0,6148,177.0,6394.0,-4.0,-0.4824902723735369,-30403.0,1.0172413793103448,6351.857142857143,6282.571428571428
2024-11-03,84.0,171.0,157.0,5990,184.0,6161.0,-27.0,-3.6440412887081663,-30430.0,1.1645569620253164,6328.714285714285,6285.785714285715
2024-11-04,167.0,209.0,157.0,6007,132.0,6216.0,25.0,0.8927122220418804,-30405.0,0.8354430379746836,6306.571428571428,6290.571428571428
2024-11-05,109.0,245.0,159.0,6045,126.0,6290.0,33.0,1.1904761904761862,-30372.0,0.7875,6307.0,6295.5
2024-11-06,156.0,256.0,176.0,6086,137.0,6342.0,39.0,0.8267090620031725,-30333.0,0.7740112994350282,6315.857142857143,6297.0
2024-11-07,125.0,232.0,192.0,6084,177.0,6316.0,15.0,-0.40996531062755803,-30318.0,0.917098445595855,6306.285714285715,6297.714285714285
2024-11-11,118.0,139.0,168.0,5963,145.0,6102.0,23.0,-3.3882203926535737,-30295.0,0.8579881656804734,6260.142857142857,6291.142857142857
2024-11-12,142.0,235.0,139.0,5975,138.0,6210.0,1.0,1.7699115044247815,-30294.0,0.9857142857142858,6233.857142857143,6292.857142857143
2024-11-13,148.0,245.0,175.0,5966,151.0,6211.0,24.0,0.016103059581329404,-30270.0,0.8579545454545454,6241.0,6284.857142857143
2024-11-14,119.0,219.0,210.0,6025,172.0,6244.0,38.0,0.5313154081468374,-30232.0,0.8151658767772512,6245.0,6275.785714285715
2024-11-17,105.0,210.0,149.0,5816,195.0,6026.0,-46.0,-3.49135169762973,-30278.0,1.3,6207.285714285715,6257.142857142857
2024-11-18,143.0,203.0,163.0,5819,138.0,6022.0,25.0,-0.06637902422834685,-30253.0,0.8414634146341463,6161.571428571428,6238.714285714285
2024-11-19,119.0,209.0,152.0,5844,146.0,6053.0,6.0,0.5147791431418192,-30247.0,0.954248366013072,6124.0,6215.142857142857
2024-11-20,155.0,212.0,181.0,5879,148.0,6091.0,33.0,0.6277878737815934,-30214.0,0.8131868131868132,6122.428571428572,6191.285714285715
2024-11-21,109.0,214.0,173.0,5850,210.0,6064.0,-37.0,-0.44327696601543787,-30251.0,1.206896551724138,6101.571428571428,6167.714285714285
2024-11-24,191.0,283.0,192.0,5664,207.0,5947.0,-15.0,-1.9294195250659674,-30266.0,1.072538860103627,6063.857142857143,6152.428571428572
2024-11-25,170.0,297.0,196.0,5715,129.0,6012.0,67.0,1.0929880612073228,-30199.0,0.6548223350253807,6030.714285714285,6137.857142857143
2024-11-26,152.0,272.0,214.0,5826,112.0,6098.0,102.0,1.4304723885562254,-30097.0,0.5209302325581395,6041.0,6124.142857142857
2024-11-27,239.0,367.0,224.0,5862,211.0,6229.0,13.0,2.1482453263365064,-30084.0,0.9377777777777778,6070.571428571428,6116.071428571428
2024-11-28,113.0,280.0,237.0,5963,143.0,6243.0,94.0,0.224755177396041,-29990.0,0.6008403361344538,6097.714285714285,6110.857142857143
2024-12-01,196.0,306.0,187.0,5986,149.0,6292.0,38.0,0.7848790645522907,-29952.0,0.7925531914893617,6126.428571428572,6124.428571428572
2024-12-02,236.0,330.0,222.0,6061,115.0,6391.0,107.0,1.573426573426584,-29845.0,0.515695067264574,6173.142857142857,6137.357142857143
2024-12-03,81.0,230.0,242.0,6192,107.0,6422.0,135.0,0.48505711156312525,-29710.0,0.4403292181069959,6241.0,6152.428571428572
2024-12-04,118.0,245.0,160.0,6269,115.0,6514.0,45.0,1.4325755216443525,-29665.0,0.7142857142857143,6312.714285714285,6171.714285714285
2024-12-05,218.0,283.0,208.0,6310,150.0,6593.0,58.0,1.2127724900214965,-29607.0,0.7177033492822966,6383.428571428572,6212.214285714285
2024-12-08,132.0,243.0,183.0,6286,172.0,6529.0,11.0,-0.9707265281359012,-29596.0,0.9347826086956522,6426.285714285715,6248.428571428572
2024-12-09,224.0,315.0,152.0,6268,174.0,6583.0,-22.0,0.8270791851738402,-29618.0,1.1372549019607843,6474.857142857143,6286.285714285715
2024-12-10,167.0,326.0,213.0,6310,149.0,6636.0,64.0,0.8051040559015732,-29554.0,0.6962616822429907,6524.0,6325.214285714285
2024-12-11,209.0,353.0,232.0,6402,152.0,6755.0,80.0,1.793248945147674,-29474.0,0.6523605150214592,6576.0,6374.571428571428
2024-12-12,153.0,253.0,286.0,6481,194.0,6734.0,92.0,-0.31088082901554737,-29382.0,0.6759581881533101,6620.571428571428,6430.785714285715
2024-12-15,180.0,337.0,219.0,6408,224.0,6745.0,-5.0,0.16335016335016217,-29387.0,1.018181818181818,6653.571428571428,6483.142857142857
2024-12-16,133.0,287.0,189.0,6454,149.0,6741.0,40.0,-0.05930318754633346,-29347.0,0.7842105263157895,6674.714285714285,6529.071428571428
2024-12-17,187.0,310.0,247.0,6506,151.0,6816.0,96.0,1.1125945705384943,-29251.0,0.6088709677419355,6715.714285714285,6571.0
2024-12-18,168.0,285.0,210.0,6598,134.0,6883.0,76.0,0.9829812206572752,-29175.0,0.6350710900473934,6758.571428571428,6616.714285714285
2024-12-19,269.0,412.0,204.0,6600,238.0,7012.0,-34.0,1.8741827691413526,-29209.0,1.1609756097560975,6812.285714285715,6668.142857142857
2024-12-22,100.0,255.0,236.0,6595,268.0,6850.0,-32.0,-2.310325156873927,-29241.0,1.130801687763713,6825.857142857143,6700.928571428572
2024-12-23,205.0,294.0,177.0,6548,231.0,6842.0,-54.0,-0.11678832116788218,-29295.0,1.297752808988764,6841.285714285715,6730.928571428572
2024-12-24,161.0,304.0,211.0,6622,155.0,6926.0,56.0,1.2277111955568465,-29239.0,0.7311320754716981,6867.142857142857,6760.357142857143
2024-12-25,57.0,162.0,193.0,6689,107.0,6851.0,86.0,-1.082876118971987,-29153.0,0.5515463917525774,6882.857142857143,6778.785714285715
2024-12-26,80.0,122.0,152.0,6707,135.0,6829.0,17.0,-0.3211210042329604,-29136.0,0.8823529411764706,6884.714285714285,6800.214285714285
2024-12-29,107.0,170.0,133.0,6465,216.0,6635.0,-83.0,-2.8408258895885163,-29219.0,1.6119402985074627,6849.285714285715,6803.928571428572
2024-12-30,99.0,156.0,139.0,6454,177.0,6610.0,-38.0,-0.37678975131876236,-29257.0,1.2642857142857142,6791.857142857143,6802.071428571428
2025-01-01,25.0,66.0,94.0,6405,144.0,6471.0,-50.0,-2.1028744326777593,-29307.0,1.5157894736842106,6737.714285714285,6781.785714285715
2025-01-02,35.0,70.0,53.0,6292,170.0,6362.0,-117.0,-1.6844382630196275,-29424.0,3.1481481481481484,6669.142857142857,6755.214285714285
2025-01-05,43.0,73.0,64.0,5882,185.0,5955.0,-121.0,-6.397359320968254,-29545.0,2.8461538461538463,6530.428571428572,6698.785714285715
2025-01-06,41.0,60.0,71.0,5769,190.0,5829.0,-119.0,-2.1158690176322437,-29664.0,2.638888888888889,6384.428571428572,6633.642857142857
2025-01-07,65.0,83.0,65.0,5703,133.0,5786.0,-68.0,-0.7376908560645101,-29732.0,2.015151515151515,6235.428571428572,6560.071428571428
2025-01-08,38.0,80.0,82.0,5605,184.0,5685.0,-102.0,-1.7455928102315887,-29834.0,2.216867469879518,6099.714285714285,6474.5
2025-01-09,56.0,82.0,68.0,5507,164.0,5589.0,-96.0,-1.6886543535620024,-29930.0,2.3768115942028984,5953.857142857143,6372.857142857143
2025-01-12,74.0,103.0,80.0,5092,235.0,5195.0,-155.0,-7.049561638933621,-30085.0,2.9012345679012346,5771.571428571428,6254.642857142857
2025-01-13,68.0,107.0,102.0,5019,181.0,5126.0,-79.0,-1.3282001924927789,-30164.0,1.7572815533980584,5595.0,6132.071428571428
2025-01-14,92.0,124.0,93.0,4957,139.0,5081.0,-46.0,-0.877877487319545,-30210.0,1.4787234042553192,5470.142857142857,6000.285714285715
2025-01-15,113.0,162.0,107.0,4903,164.0,5065.0,-57.0,-0.3148986419996058,-30267.0,1.5185185185185186,5361.0,5872.714285714285
2025-01-16,106.0,196.0,131.0,4881,159.0,5077.0,-28.0,0.23692003948667661,-30295.0,1.2045454545454546,5259.714285714285,5747.571428571428
2025-01-19,86.0,152.0,168.0,4628,176.0,4780.0,-8.0,-5.849911364979321,-30303.0,1.0414201183431953,5130.428571428572,5615.071428571428
2025-01-20,84.0,118.0,136.0,4638,127.0,4756.0,9.0,-0.5020920502092019,-30294.0,0.927007299270073,5011.428571428572,5482.642857142857
2025-01-21,59.0,64.0,117.0,4728,54.0,4792.0,63.0,0.7569386038688064,-30231.0,0.4576271186440678,4953.857142857143,5362.714285714285
2025-01-22,62.0,97.0,52.0,4717,83.0,4814.0,-31.0,0.45909849749583564,-30262.0,1.5660377358490567,4909.285714285715,5252.142857142857
2025-01-23,91.0,75.0,97.0,4621,174.0,4696.0,-77.0,-2.451184046530952,-30339.0,1.7755102040816326,4854.285714285715,5162.214285714285
2025-01-26,29.0,51.0,11.0,4241,182.0,4292.0,-171.0,-8.603066439523,-30510.0,15.166666666666666,4743.857142857143,5052.428571428572
2025-01-27,33.0,53.0,34.0,4161,127.0,4214.0,-93.0,-1.817334575955265,-30603.0,3.6285714285714286,4620.571428571428,4940.142857142857
2025-01-28,32.0,49.0,39.0,4096,101.0,4145.0,-62.0,-1.6373991457047987,-30665.0,2.525,4529.857142857143,4830.142857142857
2025-01-29,32.0,50.0,39.0,4036,99.0,4086.0,-60.0,-1.423401688781667,-30725.0,2.475,4434.142857142857,4722.785714285715
2025-01-30,47.0,42.0,47.0,3923,159.0,3965.0,-112.0,-2.961331375428289,-30837.0,3.3125,4316.0,4634.928571428572
2025-02-02,20.0,22.0,41.0,3483,168.0,3505.0,-127.0,-11.601513240857509,-30964.0,4.0,4129.0,4519.142857142857
2025-02-03,23.0,45.0,11.0,3403,102.0,3448.0,-91.0,-1.6262482168330927,-31055.0,8.5,3950.714285714286,4402.5
2025-02-04,34.0,54.0,29.0,3359,74.0,3413.0,-45.0,-1.0150812064965153,-31100.0,2.466666666666667,3825.1428571428573,4284.5
2025-02-05,26.0,36.0,36.0,3290,104.0,3326.0,-68.0,-2.5490770583064704,-31168.0,2.810810810810811,3698.285714285714,4159.428571428572
2025-02-06,25.0,32.0,27.0,3181,145.0,3213.0,-118.0,-3.397474443776305,-31286.0,5.178571428571429,3565.1428571428573,4047.5
2025-02-09,15.0,13.0,23.0,2878,99.0,2891.0,-76.0,-10.02178649237473,-31362.0,4.125,3394.4285714285716,3914.285714285714
2025-02-10,16.0,18.0,15.0,2834,63.0,2852.0,-48.0,-1.3490141819439638,-31410.0,3.9375,3235.4285714285716,3775.714285714286
2025-02-11,11.0,22.0,12.0,2799,50.0,2821.0,-38.0,-1.0869565217391353,-31448.0,3.8461538461538463,3137.714285714286,3633.3571428571427
2025-02-12,16.0,20.0,20.0,2752,66.0,2772.0,-46.0,-1.7369727047146455,-31494.0,3.142857142857143,3041.1428571428573,3495.9285714285716
2025-02-13,15.0,10.0,23.0,2703,72.0,2713.0,-49.0,-2.128427128427124,-31543.0,3.0,2941.1428571428573,3383.1428571428573
2025-02-17,8.0,17.0,14.0,2532,15.0,2549.0,-1.0,-6.044968669369699,-31544.0,1.0,2830.1428571428573,3264.214285714286
2025-02-18,18.0,19.0,11.0,2536,9.0,2555.0,2.0,0.23538642604943316,-31542.0,0.75,2736.1428571428573,3150.6428571428573
2025-02-19,12.0,17.0,17.0,2528,19.0,2545.0,-2.0,-0.3913894324853229,-31544.0,1.0555555555555556,2686.714285714286,3040.5714285714284
2025-02-20,13.0,25.0,15.0,2520,32.0,2545.0,-17.0,0.0,-31561.0,2.0,2642.8571428571427,2939.1428571428573
2025-02-23,7.0,16.0,8.0,2423,35.0,2439.0,-27.0,-4.165029469548132,-31588.0,3.888888888888889,2588.285714285714,2863.0
2025-02-24,20.0,22.0,14.0,2413,24.0,2435.0,-10.0,-0.16400164001639794,-31598.0,1.6,2540.1428571428573,2790.6428571428573
2025-02-25,11.0,7.0,7.0,2413,23.0,2420.0,-16.0,-0.6160164271047264,-31614.0,2.875,2498.285714285714,2719.714285714286
2025-02-26,12.0,21.0,1.0,2411,23.0,2432.0,-22.0,0.49586776859504855,-31636.0,11.5,2481.5714285714284,2655.8571428571427
2025-02-27,10.0,15.0,17.0,2391,37.0,2406.0,-20.0,-1.0690789473684181,-31656.0,2.0555555555555554,2460.285714285714,2598.214285714286
2025-03-02,12.0,24.0,4.0,2297,31.0,2321.0,-27.0,-3.5328345802161265,-31683.0,6.2,2428.285714285714,2557.5
2025-03-03,8.0,29.0,18.0,2287,25.0,2316.0,-7.0,-0.21542438604049696,-31690.0,1.3157894736842106,2395.5714285714284,2519.214285714286
2025-03-04,4.0,25.0,10.0,2272,30.0,2297.0,-20.0,-0.8203799654576849,-31710.0,2.727272727272727,2375.285714285714,2481.785714285714
2025-03-05,5.0,20.0,4.0,2238,40.0,2258.0,-36.0,-1.6978667827601268,-31746.0,8.0,2350.0,2445.0714285714284
2025-03-06,7.0,27.0,6.0,2218,33.0,2245.0,-27.0,-0.5757307351638596,-31773.0,4.714285714285714,2325.0,2411.6428571428573
2025-03-09,12.0,25.0,15.0,2137,30.0,2162.0,-15.0,-3.697104677060137,-31788.0,1.875,2286.4285714285716,2384.0
2025-03-10,6.0,28.0,8.0,2125,23.0,2153.0,-15.0,-0.4162812210915856,-31803.0,2.5555555555555554,2250.285714285714,2355.285714285714
2025-03-11,3.0,11.0,7.0,2116,20.0,2127.0,-13.0,-1.207617278216444,-31816.0,2.5,2222.5714285714284,2325.4285714285716
2025-03-12,6.0,18.0,2.0,2113,8.0,2131.0,-6.0,0.18805829807240215,-31822.0,2.6666666666666665,2196.1428571428573,2295.8571428571427
2025-03-13,4.0,20.0,9.0,2116,6.0,2136.0,3.0,0.2346316283434957,-31819.0,0.6,2173.1428571428573,2274.214285714286
2025-03-16,1.0,9.0,8.0,2117,5.0,2126.0,3.0,-0.46816479400748623,-31816.0,0.5555555555555556,2154.285714285714,2252.1428571428573
2025-03-17,5.0,14.0,0.0,2111,8.0,2125.0,-8.0,-0.04703668861711918,-31824.0,8.0,2137.1428571428573,2231.0714285714284
2025-03-18,19.0,34.0,6.0,2109,8.0,2143.0,-2.0,0.8470588235294008,-31826.0,1.1428571428571428,2134.4285714285716,2210.4285714285716
2025-03-19,6.0,22.0,14.0,2119,9.0,2141.0,5.0,-0.09332711152589823,-31821.0,0.6,2132.714285714286,2191.5
2025-03-20,9.0,20.0,11.0,2124,7.0,2144.0,4.0,0.14012143858010973,-31817.0,0.5833333333333334,2135.1428571428573,2178.8571428571427
2025-03-23,15.0,29.0,9.0,2136,2.0,2165.0,7.0,0.9794776119403048,-31810.0,0.2,2140.0,2168.0714285714284
2025-03-24,7.0,13.0,11.0,2139,7.0,2152.0,4.0,-0.6004618937644368,-31806.0,0.5833333333333334,2142.285714285714,2157.714285714286
2025-03-25,12.0,19.0,7.0,2145,6.0,2164.0,1.0,0.5576208178438735,-31805.0,0.75,2147.714285714286,2151.0
2025-03-26,9.0,21.0,15.0,2159,2.0,2180.0,13.0,0.7393715341959428,-31792.0,0.125,2155.5714285714284,2146.3571428571427
2025-03-27,1.0,19.0,13.0,2159,2.0,2178.0,11.0,-0.09174311926605228,-31781.0,0.14285714285714285,2160.5714285714284,2147.5
2025-03-30,9.0,20.0,5.0,2188,2.0,2208.0,3.0,1.377410468319562,-31778.0,0.3333333333333333,2170.1428571428573,2151.4285714285716
2025-03-31,9.0,25.0,8.0,2193,5.0,2218.0,3.0,0.45289855072463414,-31775.0,0.5555555555555556,2180.714285714286,2157.9285714285716
2025-04-01,17.0,36.0,7.0,2191,12.0,2227.0,-5.0,0.4057709648331853,-31780.0,1.5,2189.5714285714284,2164.785714285714
2025-04-02,5.0,31.0,16.0,2208,3.0,2239.0,13.0,0.5388414907947947,-31767.0,0.17647058823529413,2202.0,2172.1428571428573
2025-04-03,12.0,26.0,18.0,2223,8.0,2249.0,10.0,0.44662795891021734,-31757.0,0.42105263157894735,2214.1428571428573,2180.9285714285716
2025-04-06,7.0,14.0,7.0,2234,11.0,2248.0,-4.0,-0.04446420631392112,-31761.0,1.375,2223.8571428571427,2189.714285714286
2025-04-07,12.0,22.0,9.0,2237,5.0,2259.0,4.0,0.48932384341637825,-31757.0,0.5,2235.4285714285716,2198.0
2025-04-08,12.0,34.0,12.0,2243,9.0,2277.0,3.0,0.7968127490039834,-31754.0,0.6923076923076923,2245.285714285714,2207.714285714286
2025-04-09,6.0,19.0,10.0,2251,5.0,2270.0,5.0,-0.30742204655248573,-31749.0,0.45454545454545453,2252.714285714286,2216.714285714286
2025-04-10,18.0,25.0,17.0,2265,6.0,2290.0,11.0,0.8810572687224738,-31738.0,0.3333333333333333,2261.714285714286,2225.6428571428573
2025-04-11,8.0,22.0,8.0,2267,9.0,2289.0,-1.0,-0.04366812227074579,-31739.0,1.0,2268.8571428571427,2235.4285714285716
2025-04-13,5.0,26.0,10.0,2283,3.0,2309.0,7.0,0.8737439930100566,-31732.0,0.2727272727272727,2277.4285714285716,2245.785714285714
2025-04-14,5.0,26.0,9.0,2282,13.0,2308.0,-4.0,-0.04330879168471524,-31736.0,1.3,2286.0,2254.9285714285716
2025-04-15,4.0,19.0,12.0,2286,7.0,2305.0,5.0,-0.12998266897746857,-31731.0,0.5384615384615384,2292.5714285714284,2264.0
2025-04-16,11.0,30.0,5.0,2291,8.0,2321.0,-3.0,0.694143167028205,-31734.0,1.3333333333333333,2298.8571428571427,2272.0714285714284
2025-04-17,7.0,26.0,10.0,2288,14.0,2314.0,-4.0,-0.30159414045669575,-31738.0,1.2727272727272727,2305.1428571428573,2278.9285714285716
2025-04-20,4.0,15.0,6.0,2305,4.0,2320.0,2.0,0.2592912705272177,-31736.0,0.5714285714285714,2309.4285714285716,2285.5714285714284
2025-04-21,10.0,25.0,5.0,2308,6.0,2333.0,-1.0,0.5603448275862011,-31737.0,1.0,2315.714285714286,2292.285714285714
2025-04-22,7.0,19.0,14.0,2305,17.0,2324.0,-3.0,-0.385769395627944,-31740.0,1.1333333333333333,2317.8571428571427,2297.6428571428573
2025-04-23,3.0,23.0,4.0,2300,11.0,2323.0,-7.0,-0.0430292598967319,-31747.0,2.2,2320.0,2303.0
2025-04-24,3.0,9.0,7.0,2294,13.0,2303.0,-6.0,-0.860955660783469,-31753.0,1.625,2319.714285714286,2306.1428571428573
2025-04-27,9.0,40.0,12.0,2301,4.0,2341.0,8.0,1.6500217108119886,-31745.0,0.3076923076923077,2322.5714285714284,2310.714285714286
2025-04-28,6.0,26.0,12.0,2307,8.0,2333.0,4.0,-0.34173430158052076,-31741.0,0.6153846153846154,2325.285714285714,2315.214285714286
2025-04-29,11.0,25.0,11.0,2304,15.0,2329.0,-4.0,-0.17145306472353683,-31745.0,1.25,2326.5714285714284,2318.0
2025-04-30,7.0,34.0,9.0,2309,12.0,2343.0,-3.0,0.6011163589523472,-31748.0,1.2,2328.0,2321.8571428571427
2025-05-01,13.0,32.0,14.0,2306,16.0,2338.0,-2.0,-0.21340162185232714,-31750.0,1.0666666666666667,2330.0,2323.9285714285716
2025-05-04,9.0,31.0,10.0,2335,5.0,2366.0,5.0,1.1976047904191711,-31745.0,0.45454545454545453,2336.1428571428573,2328.0714285714284
2025-05-05,15.0,44.0,20.0,2331,17.0,2375.0,3.0,0.3803888419273038,-31742.0,0.8095238095238095,2346.4285714285716,2333.0714285714284
2025-05-06,10.0,33.0,16.0,2339,16.0,2372.0,0.0,-0.1263157894736855,-31742.0,0.9411764705882353,2350.8571428571427,2336.714285714286
2025-05-07,10.0,30.0,15.0,2335,10.0,2365.0,5.0,-0.295109612141653,-31737.0,0.625,2355.4285714285716,2340.3571428571427
2025-05-08,15.0,24.0,16.0,2361,11.0,2385.0,5.0,0.8456659619450413,-31732.0,0.6470588235294118,2363.4285714285716,2345.0
2025-05-11,15.0,20.0,12.0,2385,3.0,2405.0,9.0,0.8385744234800763,-31723.0,0.23076923076923078,2372.285714285714,2350.1428571428573
2025-05-12,7.0,33.0,14.0,2392,7.0,2425.0,7.0,0.8316008316008316,-31716.0,0.4666666666666667,2384.714285714286,2357.3571428571427
2025-05-13,18.0,29.0,12.0,2394,11.0,2423.0,1.0,-0.08247422680411898,-31715.0,0.8461538461538461,2392.8571428571427,2364.5
2025-05-14,7.0,30.0,14.0,2394,11.0,2424.0,3.0,0.04127115146512761,-31712.0,0.7333333333333333,2399.8571428571427,2373.1428571428573
2025-05-15,15.0,31.0,14.0,2410,14.0,2441.0,0.0,0.7013201320132056,-31712.0,0.9333333333333333,2409.714285714286,2380.285714285714
2025-05-18,13.0,28.0,14.0,2437,9.0,2465.0,5.0,0.9832036050798854,-31707.0,0.6,2424.0,2389.714285714286
2025-05-19,7.0,27.0,17.0,2457,6.0,2484.0,11.0,0.7707910750507141,-31696.0,0.3333333333333333,2438.1428571428573,2400.785714285714
2025-05-21,14.0,62.0,13.0,2467,18.0,2529.0,-5.0,1.8115942028985588,-31701.0,1.2857142857142858,2455.8571428571427,2414.0714285714284
2025-05-22,18.0,36.0,17.0,2473,15.0,2509.0,2.0,-0.7908264136022192,-31699.0,0.8333333333333334,2467.8571428571427,2426.285714285714
2025-05-27,6.0,24.0,7.0,2504,11.0,2528.0,-4.0,0.757273814268622,-31703.0,1.375,2482.8571428571427,2437.8571428571427
2025-05-28,12.0,39.0,12.0,2499,14.0,2538.0,-2.0,0.39556962025315556,-31705.0,1.0769230769230769,2499.1428571428573,2449.5
2025-05-29,13.0,38.0,15.0,2506,11.0,2544.0,4.0,0.23640661938533203,-31701.0,0.6875,2513.8571428571427,2461.785714285714
2025-06-01,8.0,24.0,16.0,2528,12.0,2552.0,4.0,0.3144654088050425,-31697.0,0.7058823529411765,2526.285714285714,2475.1428571428573
2025-06-02,10.0,19.0,5.0,2518,16.0,2537.0,-11.0,-0.5877742946708508,-31708.0,2.6666666666666665,2533.8571428571427,2486.0
2025-06-03,5.0,23.0,11.0,2519,15.0,2542.0,-4.0,0.19708316909736734,-31712.0,1.25,2535.714285714286,2495.785714285714
2025-06-04,4.0,16.0,9.0,2516,16.0,2532.0,-7.0,-0.3933910306844979,-31719.0,1.6,2539.0,2503.4285714285716
2025-06-05,8.0,26.0,5.0,2503,21.0,2529.0,-16.0,-0.11848341232227888,-31735.0,3.5,2539.1428571428573,2511.0
2025-06-08,10.0,16.0,15.0,2507,13.0,2523.0,2.0,-0.23724792408066353,-31733.0,0.8125,2537.0,2518.0714285714284
2025-06-09,8.0,21.0,14.0,2516,9.0,2537.0,5.0,0.5548949663099378,-31728.0,0.6,2536.0,2524.9285714285716
2025-06-10,17.0,28.0,7.0,2511,12.0,2539.0,-5.0,0.07883326763893361,-31733.0,1.5,2534.1428571428573,2530.214285714286
2025-06-17,7.0,24.0,10.0,2523,14.0,2547.0,-4.0,0.3150846790074935,-31737.0,1.2727272727272727,2535.5714285714284,2534.714285714286
2025-06-19,8.0,19.0,7.0,2501,18.0,2520.0,-11.0,-1.0600706713780883,-31748.0,2.25,2532.4285714285716,2534.0714285714284
2025-06-22,7.0,13.0,5.0,2508,7.0,2521.0,-2.0,0.03968253968253954,-31750.0,1.1666666666666667,2530.8571428571427,2534.9285714285716
2025-06-23,3.0,15.0,5.0,2495,17.0,2510.0,-12.0,-0.4363347877826218,-31762.0,2.8333333333333335,2528.1428571428573,2533.6428571428573
2025-06-24,5.0,20.0,5.0,2489,16.0,2509.0,-11.0,-0.03984063745019473,-31773.0,2.6666666666666665,2526.1428571428573,2531.5714285714284
2025-06-25,6.0,12.0,2.0,2470,24.0,2482.0,-22.0,-1.0761259465922657,-31795.0,8.0,2518.285714285714,2527.1428571428573
2025-06-26,3.0,9.0,7.0,2447,35.0,2456.0,-28.0,-1.0475423045930743,-31823.0,4.375,2506.4285714285716,2520.285714285714
2025-06-29,5.0,17.0,7.0,2413,20.0,2430.0,-13.0,-1.0586319218241047,-31836.0,2.5,2489.714285714286,2512.6428571428573
2025-06-30,9.0,22.0,8.0,2407,16.0,2429.0,-8.0,-0.04115226337448874,-31844.0,1.7777777777777777,2476.714285714286,2504.5714285714284
2025-07-01,7.0,14.0,6.0,2391,22.0,2405.0,-16.0,-0.9880609304240395,-31860.0,3.142857142857143,2460.1428571428573,2495.5
2025-07-02,8.0,20.0,9.0,2373,38.0,2393.0,-29.0,-0.498960498960499,-31889.0,3.8,2443.4285714285716,2485.785714285714
2025-07-06,4.0,17.0,2.0,2332,8.0,2349.0,-6.0,-1.8386961972419513,-31895.0,2.6666666666666665,2420.5714285714284,2473.3571428571427
2025-07-07,3.0,18.0,8.0,2317,20.0,2335.0,-12.0,-0.5959982971477262,-31907.0,2.2222222222222223,2399.5714285714284,2458.9285714285716
2025-07-08,5.0,16.0,8.0,2306,20.0,2322.0,-12.0,-0.5567451820128522,-31919.0,2.2222222222222223,2380.4285714285716,2443.4285714285716
2025-07-09,2.0,18.0,0.0,2281,32.0,2299.0,-32.0,-0.9905254091300608,-31951.0,32.0,2361.714285714286,2425.714285714286
2025-07-10,2.0,12.0,3.0,2252,39.0,2264.0,-36.0,-1.5224010439321423,-31987.0,9.75,2338.1428571428573,2407.4285714285716
2025-07-13,1.0,13.0,4.0,2204,10.0,2217.0,-6.0,-2.075971731448767,-31993.0,2.0,2311.285714285714,2385.714285714286
2025-07-14,2.0,9.0,1.0,2181,26.0,2190.0,-25.0,-1.2178619756427644,-32018.0,13.0,2282.285714285714,2362.8571428571427
2025-07-15,0.0,8.0,5.0,2171,17.0,2179.0,-12.0,-0.5022831050228271,-32030.0,2.8333333333333335,2258.0,2339.285714285714
2025-07-16,1.0,9.0,0.0,2164,11.0,2173.0,-11.0,-0.275355667737498,-32041.0,11.0,2234.8571428571427,2317.214285714286
2025-07-17,3.0,16.0,2.0,2153,17.0,2169.0,-15.0,-0.18407731247124248,-32056.0,5.666666666666667,2213.0,2296.714285714286
2025-07-21,4.0,18.0,7.0,2121,16.0,2139.0,-9.0,-1.3831258644536604,-32065.0,2.0,2190.1428571428573,2275.9285714285716
2025-07-22,5.0,13.0,3.0,2117,16.0,2130.0,-13.0,-0.42075736325385416,-32078.0,4.0,2171.0,2254.5714285714284
2025-07-23,6.0,21.0,5.0,2111,14.0,2132.0,-9.0,0.09389671361501595,-32087.0,2.3333333333333335,2158.8571428571427,2235.0714285714284
2025-07-24,6.0,18.0,7.0,2096,29.0,2114.0,-22.0,-0.8442776735459678,-32109.0,3.625,2148.0,2215.1428571428573
2025-07-27,1.0,12.0,2.0,2088,4.0,2100.0,-2.0,-0.6622516556291425,-32111.0,1.3333333333333333,2136.714285714286,2197.3571428571427
2025-07-28,2.0,9.0,3.0,2080,14.0,2089.0,-11.0,-0.5238095238095264,-32122.0,3.5,2124.714285714286,2179.785714285714
2025-07-29,2.0,8.0,3.0,2072,12.0,2080.0,-9.0,-0.43082814743896636,-32131.0,3.0,2112.0,2162.5
2025-07-30,4.0,15.0,4.0,2063,16.0,2078.0,-12.0,-0.09615384615384581,-32143.0,3.2,2103.285714285714,2146.714285714286
2025-07-31,2.0,9.0,6.0,2058,15.0,2067.0,-9.0,-0.5293551491819093,-32152.0,2.142857142857143,2094.285714285714,2132.6428571428573
2025-08-03,5.0,26.0,3.0,2049,5.0,2075.0,-2.0,0.38703434929849845,-32154.0,1.25,2086.1428571428573,2122.5
2025-08-04,5.0,22.0,11.0,2040,14.0,2062.0,-3.0,-0.6265060240963849,-32157.0,1.1666666666666667,2078.714285714286,2113.3571428571427
2025-08-05,2.0,21.0,10.0,2042,14.0,2063.0,-4.0,0.04849660523762456,-32161.0,1.2727272727272727,2073.4285714285716,2105.0714285714284
2025-08-06,4.0,17.0,3.0,2036,13.0,2053.0,-10.0,-0.4847309743092554,-32171.0,3.25,2068.285714285714,2096.5
2025-08-07,4.0,18.0,6.0,2031,17.0,2049.0,-11.0,-0.1948368241597609,-32182.0,2.4285714285714284,2063.8571428571427,2087.9285714285716
2025-08-10,0.0,18.0,8.0,2006,12.0,2024.0,-4.0,-1.2201073694485087,-32186.0,1.3333333333333333,2056.1428571428573,2079.714285714286
2025-08-11,6.0,23.0,4.0,1999,16.0,2022.0,-12.0,-0.09881422924901129,-32198.0,3.2,2049.714285714286,2072.0
2025-08-12,8.0,38.0,9.0,1999,9.0,2037.0,0.0,0.7418397626112849,-32198.0,0.9,2044.2857142857142,2065.214285714286
2025-08-13,6.0,22.0,12.0,1997,17.0,2019.0,-5.0,-0.8836524300441795,-32203.0,1.3076923076923077,2038.142857142857,2058.4285714285716
2025-08-14,3.0,27.0,4.0,1994,11.0,2021.0,-7.0,0.0990589400693409,-32210.0,2.2,2032.142857142857,2052.785714285714
2025-08-17,4.0,14.0,2.0,1991,3.0,2005.0,-1.0,-0.7916872835230127,-32211.0,1.0,2025.2857142857142,2046.7857142857142
2025-08-18,4.0,20.0,6.0,1985,14.0,2005.0,-8.0,0.0,-32219.0,2.0,2019.0,2041.4285714285713
2025-08-19,5.0,35.0,3.0,1980,11.0,2015.0,-8.0,0.4987531172069737,-32227.0,2.75,2017.7142857142858,2036.9285714285713
2025-08-20,10.0,38.0,10.0,1983,10.0,2021.0,0.0,0.29776674937964653,-32227.0,0.9090909090909091,2017.5714285714287,2033.642857142857
2025-08-21,6.0,49.0,8.0,1972,21.0,2021.0,-13.0,0.0,-32240.0,2.3333333333333335,2015.2857142857142,2029.7857142857142
2025-08-24,4.0,21.0,5.0,1981,5.0,2002.0,0.0,-0.9401286491835692,-32240.0,0.8333333333333334,2012.857142857143,2025.5
2025-08-25,8.0,30.0,8.0,1980,11.0,2010.0,-3.0,0.3996003996004083,-32243.0,1.2222222222222223,2011.2857142857142,2021.7142857142858
2025-08-26,10.0,21.0,20.0,1989,15.0,2010.0,5.0,0.0,-32238.0,0.7142857142857143,2012.0,2018.642857142857
2025-08-27,5.0,19.0,9.0,1988,19.0,2007.0,-10.0,-0.14925373134327957,-32248.0,1.9,2012.2857142857142,2015.642857142857
2025-08-28,8.0,33.0,6.0,1984,17.0,2017.0,-11.0,0.49825610363727346,-32259.0,2.4285714285714284,2012.5714285714287,2015.142857142857
2025-09-01,10.0,29.0,17.0,2010,5.0,2039.0,12.0,1.0907288051561714,-32247.0,0.2777777777777778,2015.142857142857,2016.357142857143
2025-09-02,6.0,35.0,9.0,2020,9.0,2055.0,0.0,0.7846983815595898,-32247.0,0.9,2020.0,2017.642857142857
2025-09-03,4.0,29.0,11.0,2019,10.0,2048.0,1.0,-0.3406326034063212,-32246.0,0.8333333333333334,2026.5714285714287,2019.7142857142858
2025-09-04,11.0,40.0,2.0,2015,14.0,2055.0,-12.0,0.341796875,-32258.0,4.666666666666667,2033.0,2022.142857142857
2025-09-07,4.0,19.0,9.0,2026,7.0,2045.0,2.0,-0.48661800486617945,-32256.0,0.7,2038.0,2025.0
2025-09-08,7.0,25.0,5.0,2025,6.0,2050.0,-1.0,0.24449877750611915,-32257.0,1.0,2044.142857142857,2028.2142857142858
2025-09-09,18.0,42.0,11.0,2023,14.0,2065.0,-3.0,0.7317073170731714,-32260.0,1.1666666666666667,2051.0,2031.7857142857142
2025-09-10,10.0,47.0,14.0,2025,18.0,2072.0,-4.0,0.3389830508474523,-32264.0,1.2,2055.714285714286,2035.4285714285713
2025-09-11,12.0,38.0,29.0,2047,6.0,2085.0,23.0,0.6274131274131234,-32241.0,0.2,2060.0,2040.0
2025-09-14,7.0,39.0,13.0,2083,5.0,2122.0,8.0,1.7745803357314127,-32233.0,0.35714285714285715,2070.5714285714284,2048.5714285714284
2025-09-15,9.0,47.0,10.0,2086,10.0,2133.0,0.0,0.5183788878416529,-32233.0,0.9090909090909091,2081.714285714286,2057.3571428571427
2025-09-16,7.0,28.0,17.0,2095,12.0,2123.0,5.0,-0.46882325363337696,-32228.0,0.6666666666666666,2092.8571428571427,2065.4285714285716
2025-09-17,7.0,38.0,5.0,2096,13.0,2134.0,-8.0,0.5181347150259086,-32236.0,2.1666666666666665,2104.8571428571427,2074.5
2025-09-18,20.0,52.0,11.0,2096,14.0,2148.0,-3.0,0.6560449859418949,-32239.0,1.1666666666666667,2116.714285714286,2083.8571428571427
2025-09-21,8.0,35.0,13.0,2134,5.0,2169.0,8.0,0.9776536312849249,-32231.0,0.35714285714285715,2130.5714285714284,2093.1428571428573
2025-09-22,17.0,40.0,14.0,2141,10.0,2181.0,4.0,0.5532503457814641,-32227.0,0.6666666666666666,2144.285714285714,2102.1428571428573
2025-09-23,11.0,36.0,10.0,2145,15.0,2181.0,-5.0,0.0,-32232.0,1.3636363636363635,2152.714285714286,2111.6428571428573
2025-09-24,3.0,38.0,12.0,2138,17.0,2176.0,-5.0,-0.22925263640531934,-32237.0,1.3076923076923077,2158.8571428571427,2120.285714285714
2025-09-25,6.0,35.0,12.0,2132,18.0,2167.0,-6.0,-0.4136029411764719,-32243.0,1.3846153846153846,2165.1428571428573,2129.0
2025-09-28,11.0,29.0,12.0,2146,9.0,2175.0,3.0,0.369173973234882,-32240.0,0.6923076923076923,2171.0,2137.9285714285716
2025-09-29,8.0,35.0,12.0,2148,13.0,2183.0,-1.0,0.36781609195402076,-32241.0,1.0,2176.0,2146.3571428571427
2025-09-30,8.0,32.0,12.0,2159,7.0,2191.0,5.0,0.3664681630783262,-32236.0,0.5384615384615384,2179.1428571428573,2154.8571428571427
2025-10-01,4.0,33.0,12.0,2163,14.0,2196.0,-2.0,0.22820629849384932,-32238.0,1.0769230769230769,2181.285714285714,2162.785714285714
2025-10-02,20.0,51.0,15.0,2164,16.0,2215.0,-1.0,0.8652094717668479,-32239.0,1.0,2186.1428571428573,2169.4285714285716
2025-10-05,8.0,28.0,13.0,2180,16.0,2208.0,-3.0,-0.31602708803611934,-32242.0,1.1428571428571428,2190.714285714286,2174.785714285714
2025-10-06,5.0,33.0,15.0,2187,10.0,2220.0,5.0,0.5434782608695565,-32237.0,0.625,2198.285714285714,2181.714285714286
2025-10-07,11.0,45.0,4.0,2189,10.0,2234.0,-6.0,0.6306306306306242,-32243.0,2.0,2206.714285714286,2188.8571428571427
2025-10-08,8.0,49.0,15.0,2192,17.0,2241.0,-2.0,0.3133393017009878,-32245.0,1.0625,2215.0,2195.5
2025-10-09,11.0,55.0,13.0,2192,12.0,2247.0,1.0,0.2677376171352108,-32244.0,0.8571428571428571,2223.0,2201.0714285714284
2025-10-13,8.0,24.0,7.0,2223,6.0,2247.0,1.0,0.0,-32243.0,0.75,2230.285714285714,2205.785714285714
2025-10-14,7.0,30.0,16.0,2235,8.0,2265.0,8.0,0.8010680907877266,-32235.0,0.47058823529411764,2237.4285714285716,2211.785714285714
2025-10-15,8.0,29.0,10.0,2225,15.0,2254.0,-5.0,-0.4856512141280356,-32240.0,1.3636363636363635,2244.0,2217.3571428571427
2025-10-16,9.0,33.0,15.0,2233,9.0,2266.0,6.0,0.5323868677906018,-32234.0,0.5625,2250.5714285714284,2224.4285714285716
2025-10-19,9.0,34.0,17.0,2237,7.0,2271.0,10.0,0.22065313327448433,-32224.0,0.3888888888888889,2255.8571428571427,2231.285714285714
2025-10-20,10.0,39.0,6.0,2243,7.0,2282.0,-1.0,0.484368119771017,-32225.0,1.0,2261.714285714286,2238.3571428571427
2025-10-21,13.0,39.0,17.0,2251,9.0,2290.0,8.0,0.35056967572304476,-32217.0,0.5,2267.8571428571427,2245.4285714285716
2025-10-22,12.0,42.0,13.0,2261,12.0,2303.0,1.0,0.5676855895196509,-32216.0,0.8571428571428571,2275.8571428571427,2253.0714285714284
2025-10-23,4.0,27.0,26.0,2266,18.0,2293.0,8.0,-0.43421623968736833,-32208.0,0.6666666666666666,2279.8571428571427,2258.6428571428573
2025-10-26,4.0,35.0,12.0,2276,10.0,2311.0,2.0,0.7849978194504947,-32206.0,0.7692307692307693,2288.0,2266.0
2025-10-27,2.0,31.0,8.0,2282,11.0,2313.0,-3.0,0.08654262224145892,-32209.0,1.2222222222222223,2294.714285714286,2272.6428571428573
2025-10-28,6.0,22.0,11.0,2286,6.0,2308.0,5.0,-0.2161694768698652,-32204.0,0.5,2300.0,2277.9285714285716
2025-10-29,6.0,25.0,4.0,2280,17.0,2305.0,-13.0,-0.12998266897746857,-32217.0,3.4,2303.285714285714,2282.5
2025-10-30,3.0,17.0,14.0,2287,12.0,2304.0,2.0,-0.04338394793925726,-32215.0,0.8,2305.285714285714,2286.5714285714284
2025-11-02,5.0,21.0,10.0,2277,7.0,2298.0,3.0,-0.26041666666666297,-32212.0,0.6363636363636364,2304.5714285714284,2290.214285714286
2025-11-03,3.0,28.0,5.0,2269,12.0,2297.0,-7.0,-0.04351610095735259,-32219.0,2.0,2305.1428571428573,2292.5
2025-11-04,6.0,33.0,6.0,2270,8.0,2303.0,-2.0,0.2612102742707956,-32221.0,1.1428571428571428,2304.0,2296.0
2025-11-05,8.0,41.0,8.0,2272,7.0,2313.0,1.0,0.43421623968735723,-32220.0,0.7777777777777778,2304.0,2299.3571428571427
2025-11-06,6.0,33.0,9.0,2264,19.0,2297.0,-10.0,-0.6917423259835687,-32230.0,1.9,2302.4285714285716,2301.214285714286
2025-11-09,11.0,33.0,5.0,2294,4.0,2327.0,1.0,1.3060513713539335,-32229.0,0.6666666666666666,2305.5714285714284,2304.4285714285716
2025-11-11,11.0,39.0,12.0,2294,14.0,2333.0,-2.0,0.25784271594326835,-32231.0,1.0769230769230769,2309.714285714286,2307.5
2025-11-12,14.0,48.0,20.0,2302,7.0,2350.0,13.0,0.7286755250750065,-32218.0,0.3333333333333333,2317.1428571428573,2310.8571428571427
2025-11-13,6.0,26.0,16.0,2317,5.0,2343.0,11.0,-0.29787234042553123,-32207.0,0.29411764705882354,2323.714285714286,2314.4285714285716
2025-11-16,5.0,22.0,3.0,2340,5.0,2362.0,-2.0,0.8109261630388387,-32209.0,1.25,2332.1428571428573,2318.0714285714284
2025-11-17,1.0,35.0,6.0,2343,8.0,2378.0,-2.0,0.6773920406435208,-32211.0,1.1428571428571428,2341.4285714285716,2322.714285714286
2025-11-18,2.0,38.0,8.0,2345,12.0,2383.0,-4.0,0.2102607232968845,-32215.0,1.3333333333333333,2353.714285714286,2328.0714285714284
2025-11-19,7.0,32.0,3.0,2340,10.0,2372.0,-7.0,-0.46160302140159093,-32222.0,2.5,2360.1428571428573,2332.8571428571427
2025-11-20,18.0,57.0,8.0,2340,9.0,2397.0,-1.0,1.0539629005059004,-32223.0,1.0,2369.285714285714,2339.5
2025-11-23,3.0,46.0,22.0,2375,1.0,2421.0,21.0,1.001251564455563,-32202.0,0.043478260869565216,2379.4285714285716,2348.285714285714
2025-11-24,9.0,40.0,9.0,2371,13.0,2411.0,-4.0,-0.41305245766212195,-32206.0,1.3,2389.1428571428573,2356.4285714285716
2025-11-25,6.0,47.0,14.0,2375,11.0,2422.0,3.0,0.45624222314393226,-32203.0,0.7333333333333333,2397.714285714286,2364.9285714285716
2025-11-27,4.0,24.0,8.0,2389,7.0,2413.0,1.0,-0.37159372419488523,-32202.0,0.7777777777777778,2402.714285714286,2372.0714285714284
2025-11-30,4.0,18.0,10.0,2415,0.0,2433.0,10.0,0.8288437629506928,-32192.0,0.0,2409.8571428571427,2381.785714285714
2025-12-01,4.0,26.0,4.0,2410,9.0,2436.0,-5.0,0.12330456226881115,-32197.0,1.8,2419.0,2389.5714285714284
2025-12-02,7.0,34.0,6.0,2407,8.0,2441.0,-2.0,0.20525451559934016,-32199.0,1.1428571428571428,2425.285714285714,2397.285714285714
2025-12-03,4.0,32.0,8.0,2419,7.0,2451.0,1.0,0.4096681687832948,-32198.0,0.7777777777777778,2429.5714285714284,2404.5
2025-12-04,16.0,39.0,7.0,2418,13.0,2457.0,-6.0,0.244798041615657,-32204.0,1.625,2436.1428571428573,2412.6428571428573
2025-12-07,4.0,24.0,13.0,2429,12.0,2453.0,1.0,-0.16280016280015852,-32203.0,0.8571428571428571,2440.5714285714284,2419.1428571428573
2025-12-08,9.0,27.0,9.0,2440,4.0,2467.0,5.0,0.570729718711771,-32198.0,0.4,2448.285714285714,2425.5
2025-12-09,4.0,30.0,7.0,2443,8.0,2473.0,-1.0,0.2432103769760774,-32199.0,1.0,2454.0,2431.9285714285716
2025-12-10,10.0,54.0,5.0,2439,9.0,2493.0,-4.0,0.8087343307723316,-32203.0,1.5,2462.1428571428573,2440.5714285714284
2025-12-11,7.0,47.0,9.0,2437,10.0,2484.0,-1.0,-0.3610108303249149,-32204.0,1.0,2468.285714285714,2446.785714285714
2025-12-14,8.0,35.0,4.0,2462,8.0,2497.0,-4.0,0.523349436392917,-32208.0,1.6,2474.8571428571427,2452.214285714286
2025-12-15,11.0,42.0,9.0,2470,7.0,2512.0,2.0,0.6007208650380402,-32206.0,0.7,2482.714285714286,2459.4285714285716
2025-12-16,8.0,54.0,15.0,2468,9.0,2522.0,6.0,0.398089171974525,-32200.0,0.5625,2492.5714285714284,2466.5714285714284
2025-12-17,7.0,31.0,11.0,2481,10.0,2512.0,1.0,-0.3965107057890549,-32199.0,0.8333333333333334,2499.0,2473.6428571428573
2025-12-18,11.0,50.0,6.0,2472,16.0,2522.0,-10.0,0.398089171974525,-32209.0,2.2857142857142856,2506.0,2480.0
2025-12-21,6.0,18.0,11.0,2484,14.0,2502.0,-3.0,-0.7930214115781098,-32212.0,1.1666666666666667,2507.285714285714,2484.714285714286
